Date,Time,City,Latitude,Longitude,Weather_Condition,Road_Condition,Severity
2023-05-10,09:41,Houston,29.837194127528843,-95.4419329844244,,Dry,Moderate
2023-03-18,05:27,New York,40.725918468145466,-74.10513966492549,Fog,Wet,Low
2023-03-07,05:51,Los Angeles,34.01636999326972,-118.14399789665754,Clear,Dry,Moderate
2023-10-27,09:03,Phoenix,33.517515795559845,-112.14770284807942,Rain,,Moderate
2023-06-27,06:53,Houston,29.719761198189488,-95.31627808152747,Fog,Ice,Severe
2023-01-04,19:31,Houston,29.81748426469473,-95.42749456298549,Clear,Wet,Severe
2023-02-06,10:32,Chicago,41.91550590735949,-87.66020101398463,,Ice,Fatal
2023-05-29,18:02,Houston,29.737486127402725,-95.34709076552801,Clear,Snow,Low
2023-12-27,14:07,Houston,29.690704253132438,-95.44754917993762,Cloudy,Dry,Moderate
2023-09-23,11:21,Chicago,41.89164265317681,-87.60161766357734,Clear,Dry,Moderate
2023-05-23,19:02,New York,40.81088158270717,-73.93646427337573,,Snow,Moderate
2023-01-31,17:16,New York,40.61745607527574,-74.07757642159007,Clear,Gravel,Low
2023-03-21,06:31,Phoenix,33.41188496405796,-112.05213468664452,Clear,Dry,Low
2023-05-12,09:07,Houston,29.805003254110158,-95.42182214280515,Snow,Gravel,Moderate
2023-01-22,20:41,Phoenix,33.50150742057474,-112.0846527179233,,Snow,Severe
2023-11-30,04:30,Los Angeles,34.102142675938225,-118.2809500934982,Snow,Dry,Severe
2023-07-25,10:29,Phoenix,33.49355471767671,-112.02920671035768,Rain,Gravel,Moderate
2023-02-23,20:57,Los Angeles,33.96436070058276,-118.33513756510956,Cloudy,Ice,Moderate
2023-02-11,02:59,New York,40.79959989365472,-74.03631012254687,Rain,Wet,Severe
2023-05-16,19:19,Houston,29.788243717409834,-95.35171188833213,Cloudy,Dry,Moderate
2023-10-31,06:51,New York,40.67399086428065,-74.03216544516995,Fog,Gravel,Fatal
2023-10-20,15:52,Los Angeles,34.04756189084806,-118.31227767185736,Fog,Wet,Severe
2023-01-05,16:35,New York,40.80696693564454,-74.00793472073059,Rain,Snow,Fatal
2023-08-05,09:11,Los Angeles,34.1112107630603,-118.1812685169153,Cloudy,Snow,Low
2023-04-14,09:36,Los Angeles,34.01137917264096,-118.31493092936142,Cloudy,Dry,Low
2023-04-26,15:43,Phoenix,33.406902754558125,-111.99950675163605,Fog,Snow,Moderate
2023-09-27,07:41,Los Angeles,34.08236728676437,-118.32544122710715,Snow,Gravel,Severe
2023-01-14,18:29,Houston,29.745605568569438,-95.34456291463164,Clear,Wet,Fatal
2023-02-22,18:05,Phoenix,33.373263841231825,-111.98366500256994,Fog,Ice,Fatal
2023-12-08,21:47,Houston,29.859319573998615,-95.29917264663194,Clear,Ice,Severe
2023-12-06,15:18,Houston,29.82604573767421,-95.42841207991675,Cloudy,Ice,Moderate
2023-04-09,09:50,Houston,29.795637536030835,-95.33168792648974,Rain,,Severe
2023-01-06,20:31,Chicago,41.91585078746634,-87.7296687612127,Snow,Snow,Severe
2023-12-30,15:10,Chicago,41.88902177165929,-87.6434603388026,Snow,Ice,Severe
2023-12-15,21:22,Chicago,41.95334922990923,-87.57967991176669,Snow,,Moderate
2023-04-07,00:01,Chicago,41.87615161659987,-87.60043412259446,Cloudy,Dry,Low
2023-07-16,06:41,Houston,29.849347377812794,-95.44623351038328,Snow,Ice,Moderate
2023-06-04,16:55,Los Angeles,34.11782907691379,-118.23733480274201,Rain,Dry,Severe
2023-02-17,03:37,Los Angeles,34.14641661336216,-118.1785982602694,Rain,,Severe
2023-07-22,02:57,Houston,29.762378622601098,-95.2892422386207,Fog,Gravel,Severe
2023-05-31,21:42,Houston,29.761331693484212,-95.41704860032762,Clear,Wet,Severe
2023-06-17,07:56,New York,40.69909264218676,-73.95965999644142,Clear,Gravel,Low
2023-11-18,09:45,Los Angeles,34.10387834187101,-118.24664002150173,Clear,Wet,Moderate
2023-08-12,20:13,New York,40.666792057490646,-74.0284779746729,Rain,Gravel,Moderate
2023-05-29,07:21,Los Angeles,34.1311989930982,-118.18951615073775,Snow,Ice,Severe
2023-07-06,14:16,New York,40.711622918077,-73.99766821851358,Cloudy,Dry,Low
2023-11-25,16:31,Los Angeles,34.024890900357306,-118.33047284662072,Fog,Snow,Severe
2023-11-04,19:24,New York,40.712849876487915,-74.019248448845,Fog,Snow,Low
2023-12-30,10:44,Los Angeles,33.9986469065668,-118.18515006989762,Clear,Gravel,Moderate
2023-12-11,09:41,Los Angeles,33.998573177046126,-118.2681861975631,Clear,,Low
2023-10-29,12:40,Houston,29.732778922160723,-95.32414407034283,Cloudy,Dry,Low
2023-07-31,21:39,Houston,29.730416390157085,-95.33867097951132,Rain,Gravel,Moderate
2023-12-05,03:21,Phoenix,33.530044514875954,-112.14643724416726,Clear,Ice,Fatal
2023-01-09,22:09,Houston,29.741009241186823,-95.33021639720702,Rain,Gravel,Severe
2023-01-18,09:07,New York,40.6408096042906,-73.92546567109697,Clear,Gravel,Low
2023-11-06,16:28,Los Angeles,34.048829758564736,-118.32867310351845,Clear,Dry,Low
2023-01-26,14:34,Chicago,41.883300397565506,-87.5777755807412,Cloudy,Dry,Moderate
2023-11-12,12:39,Houston,29.853430876092396,-95.39997447147522,,Snow,Moderate
2023-04-06,16:11,New York,40.63203167235064,-74.02746267979252,Snow,Snow,Severe
2023-05-13,23:01,Los Angeles,34.041710604121995,-118.2992175444273,Cloudy,Wet,Low
2023-03-25,12:31,Houston,29.826746990178158,-95.42047407823384,Clear,Snow,Moderate
2023-10-08,01:26,Chicago,41.953123148472386,-87.55384660306136,Fog,Dry,Severe
2023-12-17,09:31,New York,40.79232264334355,-73.93213692741156,Clear,Snow,Low
2023-08-07,08:52,Chicago,41.96547718476917,-87.71243049856476,Snow,,Low
2023-12-09,20:28,Chicago,41.83684286679622,-87.67178360199779,Cloudy,Dry,Low
2023-09-02,17:00,New York,40.76914761541007,-74.01285127471647,Cloudy,Gravel,Low
2023-01-18,13:03,Houston,29.808641530365936,-95.29736859800529,Clear,Snow,Severe
2023-08-28,19:33,Los Angeles,34.11877607787913,-118.29105361754118,Clear,Dry,Low
2023-12-08,22:50,New York,40.78622790274013,-73.94641131947606,Clear,Ice,Severe
2023-02-27,10:34,Chicago,41.93435992784011,-87.60627537458923,Clear,Ice,Severe
2023-04-08,06:24,Houston,29.74488174417479,-95.36935920503839,Cloudy,Snow,Low
2023-09-04,17:56,New York,40.63167574307512,-73.96790950189953,Fog,Gravel,Severe
2023-12-06,19:35,Houston,29.775187466426353,-95.44998271075268,Snow,,Severe
2023-06-29,23:49,Chicago,41.82092424185113,-87.6676439924818,Snow,Wet,Moderate
2023-06-22,13:12,Los Angeles,34.04411329199504,-118.21472958775303,Snow,Ice,Moderate
2023-07-21,09:06,Phoenix,33.512734375787694,-112.09746511541833,Snow,Ice,Severe
2023-04-02,23:06,Houston,29.714869418120813,-95.32077682053348,Rain,Ice,Moderate
2023-03-25,11:04,Phoenix,33.37434076168512,-112.14365015732349,Rain,Dry,Fatal
2023-03-17,02:08,Chicago,41.95414680162481,-87.5694697535435,Rain,Snow,Fatal
2023-06-06,16:03,New York,40.61789243656119,-73.93904598111084,Rain,Ice,Fatal
2023-12-02,14:48,Los Angeles,34.129728698620696,-118.32374276437923,Clear,Snow,Low
2023-12-17,12:33,New York,40.8003126886785,-74.03799506812534,Clear,Snow,Moderate
2023-03-29,19:12,New York,40.79950205281757,-74.02935067694098,Clear,Gravel,Low
2023-03-02,07:46,Houston,29.711493047505087,-95.37882965819917,Rain,Ice,Low
2023-06-08,01:31,Houston,29.663740868818106,-95.33612195774484,Cloudy,Dry,Low
2023-10-26,23:43,New York,40.699637004594486,-74.04167979287854,Cloudy,Gravel,Low
2023-11-22,05:55,New York,40.74855253698478,-74.03839006382788,Cloudy,Snow,Moderate
2023-03-27,07:16,New York,40.625990834315765,-74.05544221183582,Snow,Wet,Severe
2023-06-12,03:20,Houston,29.763512693427383,-95.43737803478652,Fog,Gravel,Moderate
2023-12-22,19:12,New York,40.78120808681524,-73.97796994708212,Cloudy,Snow,Low
2023-01-26,04:08,New York,40.80984808255915,-73.94821041789201,Cloudy,Wet,Severe
2023-01-26,18:44,Los Angeles,33.95786014394427,-118.27843854720761,Cloudy,Ice,Fatal
2023-10-18,13:18,Chicago,41.93884694250827,-87.5382224284657,Cloudy,Snow,Low
2023-12-16,20:47,Houston,29.804657814500747,-95.30802157703945,Rain,Dry,Severe
2023-12-22,18:34,Chicago,41.9128113359601,-87.55467761100714,Clear,Wet,Severe
2023-08-18,08:12,Chicago,41.96123635511123,-87.71304480726106,Cloudy,Ice,Moderate
2023-06-02,13:52,Los Angeles,34.0921923742507,-118.27683775101195,Cloudy,Ice,Fatal
2023-09-20,20:58,Chicago,41.83277518010211,-87.55402427281123,Snow,Dry,Severe
2023-03-17,18:07,Houston,29.85269908184913,-95.43002781516255,Cloudy,Gravel,Moderate
2023-10-08,11:45,Chicago,41.927459428379606,-87.63533399924684,Snow,Snow,Moderate
2023-08-04,12:13,Houston,29.686768356944587,-95.40160211292975,Rain,Snow,Severe
2023-11-26,15:28,New York,40.638890324566994,-74.04070509299693,Snow,Dry,Severe
2023-09-07,02:34,Phoenix,33.47281923459317,-112.06968960944616,Cloudy,Snow,Low
2023-03-24,03:12,Chicago,41.784962932627444,-87.60957717194617,Rain,Wet,Severe
2023-08-09,13:25,New York,40.797316258284006,-74.07369567794636,Cloudy,Snow,Severe
2023-08-15,14:32,New York,40.79424582806714,-74.01990194274651,Rain,Dry,Severe
2023-04-08,13:04,Los Angeles,34.029667613541264,-118.14826549353006,Rain,Dry,Moderate
2023-11-03,12:00,Houston,29.85443632291521,-95.46760747028262,Snow,Gravel,Moderate
2023-10-31,04:54,Phoenix,33.44676832768816,-112.13316446004721,Rain,Ice,Low
2023-04-05,16:19,Houston,29.70811541674,-95.43424891792311,Rain,Dry,Moderate
2023-02-17,21:57,Phoenix,33.54777317257793,-112.1699041983764,Fog,Snow,Severe
2023-11-18,17:34,Chicago,41.866488945143985,-87.6456308005566,Rain,Snow,Severe
2023-06-27,04:33,New York,40.62122151067383,-74.08527211054468,Snow,Snow,Severe
2023-03-02,08:39,Los Angeles,33.971576983807495,-118.14601607557329,Fog,Snow,Fatal
2023-02-03,13:09,Houston,29.715681433219995,-95.35446827037461,Snow,Wet,Severe
2023-05-26,12:39,Chicago,41.88425913829319,-87.7234430941473,Cloudy,Dry,Low
2023-06-15,21:58,Phoenix,33.38715711269838,-112.11313283284082,Fog,Gravel,Moderate
2023-06-23,21:09,Houston,29.835994373676826,-95.30637221347556,Snow,Gravel,Severe
2023-12-02,19:21,Phoenix,33.40973152023692,-112.03160543708475,Snow,Gravel,Severe
2023-12-26,19:43,Houston,29.67515781167802,-95.29258522915826,Rain,Snow,Severe
2023-06-27,07:00,New York,40.69597439359075,-74.08254732749553,Rain,Wet,Severe
2023-11-14,17:08,Chicago,41.83815261521472,-87.69990132974318,Snow,Wet,Moderate
2023-09-24,23:17,Los Angeles,33.95908864694846,-118.22455411002173,,Gravel,Low
2023-09-23,04:02,Los Angeles,33.967284876974865,-118.3262690991521,Cloudy,Ice,Moderate
2023-03-25,15:27,Houston,29.741802851384413,-95.3061778852995,Clear,Snow,Severe
2023-08-16,23:20,Phoenix,33.51112265830435,-112.10468289149507,Cloudy,Gravel,Severe
2023-02-08,10:51,Houston,29.804654003708187,-95.38410746821818,Fog,Wet,Severe
2023-04-19,16:30,Chicago,41.85368988300221,-87.59331855368842,Rain,Snow,Fatal
2023-12-18,11:06,Chicago,41.94860651311818,-87.5828828702405,Fog,Snow,Moderate
2023-10-28,23:03,Phoenix,33.52296323999614,-112.0927871604411,Clear,Gravel,Low
2023-10-17,07:49,Los Angeles,34.14010892298007,-118.3034527489365,Cloudy,Ice,Severe
2023-07-18,08:09,Phoenix,33.50441828012546,-112.04855056273966,Rain,Snow,Severe
2023-05-20,06:58,Houston,29.75116605759256,-95.32256322809734,Fog,Snow,Moderate
2023-02-04,05:36,Houston,29.737698793772076,-95.28881499644352,Cloudy,Ice,Fatal
2024-01-01,23:40,Houston,29.747883556905332,-95.32809873097885,Cloudy,Dry,Moderate
2023-12-14,15:59,New York,40.70260265891654,-73.93260850319238,Cloudy,Gravel,Severe
2023-07-17,00:47,Chicago,41.88279008361598,-87.6899682527577,Snow,Wet,Low
2023-11-25,21:26,Chicago,41.79112937994256,-87.66620051294683,Snow,Snow,Moderate
2023-09-20,18:58,Chicago,41.90603419287949,-87.63037758131894,Rain,Wet,Severe
2023-04-20,10:18,Chicago,41.921037915158465,-87.55005912199869,Snow,Gravel,Moderate
2023-01-11,11:10,Phoenix,33.508155769595234,-112.07375933217527,Cloudy,Gravel,Low
2023-09-24,10:49,Houston,29.736091992137794,-95.29824604477062,Cloudy,,Moderate
2023-09-20,06:24,New York,40.7914485985978,-73.9250378041207,Fog,Ice,Fatal
2023-12-27,04:32,New York,40.749823342339816,-73.95233217012267,Snow,Ice,Severe
2023-07-07,08:45,Los Angeles,34.047494125572044,-118.20143066382983,Fog,Dry,Severe
2023-05-20,04:29,Phoenix,33.43938019984004,-112.1450890611726,Cloudy,,Low
2023-07-12,16:27,Chicago,41.85149944654159,-87.70390257401685,Fog,Ice,Moderate
2023-10-04,13:20,Los Angeles,34.02012864563902,-118.27959300507231,Clear,Gravel,Low
2023-05-14,16:49,Los Angeles,34.12001226006438,-118.20312079667018,Fog,Gravel,Severe
2023-08-23,19:10,Los Angeles,33.99552940225748,-118.23289937202286,Clear,Ice,Severe
2023-04-12,16:15,Los Angeles,34.02904720139641,-118.18329412830916,Clear,Snow,Severe
2023-06-08,05:58,Phoenix,33.518475330714814,-112.00202292762167,Rain,Dry,Severe
2023-05-29,05:29,Los Angeles,34.06308642200481,-118.23412101560447,Cloudy,Snow,Fatal
2023-12-13,06:09,New York,40.66111407451926,-74.06217361036481,Clear,Snow,Low
2023-07-28,20:41,Phoenix,33.45189292266264,-112.0719395763888,Clear,Gravel,Moderate
2023-01-10,16:30,Los Angeles,34.00375040719977,-118.15946610856948,,Ice,Severe
2023-11-29,13:25,Phoenix,33.51707222557991,-112.07018852209956,Cloudy,Gravel,Moderate
2023-09-14,06:02,Chicago,41.789943795357814,-87.64542945835227,Snow,Gravel,Severe
2023-07-13,21:05,New York,40.70915570797853,-74.07100605097149,Clear,Gravel,Moderate
2023-06-18,08:47,Chicago,41.8787237248465,-87.69581208963217,Clear,Dry,Low
2023-09-01,21:17,New York,40.71027578194836,-73.9533848366093,Clear,Gravel,Moderate
2023-04-02,04:30,New York,40.797022343958126,-73.98057587239244,Snow,Snow,Severe
2023-02-11,20:29,Houston,29.81780575528034,-95.3837939129647,Cloudy,Gravel,Low
2023-12-01,00:16,Chicago,41.918878232736766,-87.6181089632585,Fog,Gravel,Severe
2023-10-21,21:11,Chicago,41.84722768136288,-87.58608416430769,Clear,Snow,Moderate
2023-02-18,04:43,Houston,29.774841579205805,-95.32067636742988,Cloudy,Ice,Severe
2023-07-08,13:41,New York,40.613643782394846,-73.92718682285621,Fog,Gravel,Moderate
2023-05-29,11:27,Chicago,41.83938356006511,-87.5474124373896,Fog,Ice,Severe
2023-08-10,04:21,New York,40.748986399461565,-73.98154686413143,Clear,Dry,Low
2023-02-25,21:11,Phoenix,33.39975955140056,-112.1461602552444,Snow,Dry,Fatal
2023-02-25,21:35,Houston,29.848190670237532,-95.4522444231764,Snow,Dry,Fatal
2023-08-21,18:59,Chicago,41.93501121598373,-87.66407492322872,Clear,Gravel,Moderate
2023-11-18,11:13,Chicago,41.96318140875062,-87.70468551510808,Cloudy,Gravel,Low
2023-05-30,14:25,Phoenix,33.427574484982784,-112.01084852456343,Snow,Gravel,Severe
2023-02-13,21:11,Chicago,41.89355181096144,-87.53627870016017,Cloudy,Dry,Low
2023-07-17,13:20,Chicago,41.85684205215392,-87.6940519842016,,Snow,Low
2023-01-27,04:53,Chicago,41.93641853315965,-87.64185254779167,Cloudy,Ice,Moderate
2023-11-11,13:53,Chicago,41.854541782736135,-87.58248718541526,,Snow,Severe
2023-01-18,21:19,Houston,29.798928121197402,-95.33718338768894,Fog,Gravel,Fatal
2023-06-22,10:35,New York,40.72839325028902,-74.0713373308445,Fog,Snow,Severe
2023-04-28,22:34,Chicago,41.84621969908959,-87.72394316157035,Fog,Gravel,Severe
2023-05-23,14:55,Houston,29.680474819903736,-95.43845901913919,Cloudy,Snow,Low
2023-11-18,18:43,Houston,29.807172126194356,-95.42995221819707,Clear,Gravel,Low
2023-09-25,11:41,Houston,29.767959162298347,-95.38135296756116,Cloudy,Ice,Moderate
2023-12-29,22:10,Phoenix,33.542005854992155,-112.1533582392794,,Wet,Fatal
2023-01-23,11:09,Los Angeles,33.96900616654669,-118.30640672639346,Snow,Ice,Severe
2023-01-23,10:21,New York,40.62636771303227,-74.08316742532531,Rain,Ice,Fatal
2023-01-07,00:18,Houston,29.819259064407497,-95.40754930778401,Fog,Gravel,Fatal
2023-10-12,09:54,Chicago,41.962649021838395,-87.63200635793211,Fog,Wet,Severe
2023-12-18,07:37,Chicago,41.97349395234459,-87.59161397492718,Rain,Dry,Moderate
2023-10-26,01:32,New York,40.64907783667748,-74.10177665484059,Cloudy,Dry,Severe
2023-12-25,17:16,Houston,29.770374114401896,-95.37357122065407,Cloudy,Wet,Low
2023-09-13,19:36,New York,40.66899457284141,-74.0960239690218,Snow,Ice,Severe
2023-07-24,11:10,New York,40.75682195789245,-73.92517280545931,Fog,,Severe
2023-06-18,17:37,Houston,29.66084620840654,-95.35352763340278,Rain,Gravel,Moderate
2023-10-16,02:20,New York,40.69744848584956,-74.05647768787973,Cloudy,Wet,Severe
2023-02-27,19:59,Houston,29.85696138951182,-95.42616636746946,Fog,Wet,Moderate
2023-06-11,22:03,Los Angeles,34.09660506929595,-118.1605439336711,Clear,Snow,Moderate
2023-04-15,06:13,New York,40.757439798260556,-74.01707164348048,Fog,Dry,Low
2023-01-20,16:56,Houston,29.832292872146848,-95.38153953723837,Rain,Snow,Low
2023-08-18,05:06,Chicago,41.872842036862814,-87.68553029673964,Snow,,Severe
2023-11-11,11:20,New York,40.750591547027334,-74.08759107491183,Rain,Wet,Moderate
2023-01-16,06:29,Los Angeles,33.972722551765635,-118.16557933231428,Snow,Ice,Moderate
2023-05-27,04:55,Chicago,41.82343199580585,-87.64979253941581,Cloudy,Snow,Moderate
2023-01-27,04:44,Chicago,41.85945200086311,-87.62011253446073,Cloudy,Gravel,Fatal
2023-03-08,16:22,Los Angeles,34.02248229529141,-118.34323979667452,Cloudy,Gravel,Moderate
2023-05-10,19:27,New York,40.79299326838366,-73.93787519446497,Snow,Wet,Severe
2023-06-19,00:52,New York,40.639889800223486,-73.9424600281999,Clear,Snow,Fatal
2023-05-25,05:37,Los Angeles,34.09249232144985,-118.32880793419163,Cloudy,Gravel,Low
2023-04-01,07:07,Houston,29.706838723890506,-95.3765700757949,Rain,Dry,Fatal
2023-03-28,23:49,Houston,29.667439425363064,-95.33316314505662,Snow,Gravel,Moderate
2023-04-10,05:09,Los Angeles,33.98974197402897,-118.3023944854079,Fog,Ice,Severe
2023-07-19,16:18,Los Angeles,33.954923452508375,-118.34043690387291,,Dry,Low
2023-03-31,09:42,Houston,29.729267900205404,-95.38521665560583,Rain,Snow,Severe
2023-11-22,22:13,New York,40.74080544106036,-73.9107603336905,Cloudy,Wet,Moderate
2023-09-29,04:27,Los Angeles,34.114150074176976,-118.32312694522167,Snow,Gravel,Moderate
2023-02-25,10:01,New York,40.671221139005986,-74.06615911909154,Cloudy,Snow,Low
2023-08-15,20:57,Los Angeles,33.97599785618191,-118.24818663474218,,Wet,Moderate
2023-05-08,10:58,Phoenix,33.37728504510786,-112.11103038169938,Snow,Ice,Severe
2023-02-24,03:32,Los Angeles,34.035018047388895,-118.29638941869993,Cloudy,Snow,Moderate
2023-09-22,04:36,Houston,29.81974286426597,-95.28007765930255,Clear,Ice,Severe
2023-12-18,10:35,Houston,29.806878350425393,-95.33760310039956,Clear,Dry,Low
2023-06-28,18:14,Phoenix,33.34884100057534,-111.99270987389238,Rain,Snow,Severe
2023-02-01,12:17,New York,40.73929289290626,-74.04192530468019,Snow,Snow,Severe
2023-10-20,19:32,Houston,29.802318380053254,-95.43517450943504,Rain,Snow,Moderate
2023-10-16,13:07,Chicago,41.83086644780942,-87.66973595374192,Cloudy,Dry,Severe
2023-05-03,04:01,Houston,29.782518689117584,-95.38221085639674,Fog,,Severe
2023-04-17,16:13,Houston,29.69366599991114,-95.38937996701401,Snow,Wet,Moderate
2023-01-22,17:46,Phoenix,33.385565782403475,-112.11501100721212,Fog,Dry,Low
2023-06-30,14:19,Houston,29.79581055186473,-95.2932978617287,Rain,Wet,Moderate
2023-03-06,03:55,Houston,29.858781675064794,-95.39492637102953,Clear,Gravel,Low
2023-05-31,17:06,Phoenix,33.47172732622243,-112.08069224854026,Fog,Wet,Fatal
2023-12-28,06:04,New York,40.707805772516544,-74.00880055496413,Clear,Wet,Moderate
2023-08-21,12:41,New York,40.80102521397665,-73.9391702063571,Cloudy,Ice,Moderate
2023-02-05,08:08,Los Angeles,34.12654087747871,-118.3241273635854,Fog,Wet,Fatal
2023-03-27,22:06,New York,40.8095543939806,-73.93098006380411,Clear,Dry,Moderate
2023-07-20,03:42,Chicago,41.93711869086234,-87.64315462470427,Snow,Ice,Moderate
2023-06-12,02:06,Houston,29.783901282202795,-95.360497238693,Cloudy,Gravel,Moderate
2023-07-16,07:13,Phoenix,33.36537799295179,-112.02903615457379,Fog,Dry,Fatal
2023-01-15,21:40,Houston,29.82051954914487,-95.33342195688573,Cloudy,Wet,Severe
2023-08-07,03:10,Chicago,41.87196294400309,-87.65057523213696,Fog,Gravel,Severe
2023-08-01,01:20,Chicago,41.83901616595343,-87.55651369183485,Rain,Snow,Severe
2023-08-21,05:10,Phoenix,33.54533663075981,-112.02844344300533,Clear,Gravel,Severe
2023-08-20,17:56,Houston,29.852919009221214,-95.39736736821611,Fog,Gravel,Moderate
2023-02-23,08:58,New York,40.632335952269166,-74.06012737857971,Fog,Ice,Severe
2023-10-03,17:06,Los Angeles,34.10644526830618,-118.33699479161204,Snow,Dry,Severe
2023-11-21,06:17,Phoenix,33.47694573089266,-111.99288605408985,Fog,Wet,Severe
2023-12-27,17:44,Houston,29.701068421984992,-95.42373206109278,Snow,Snow,Severe
2023-09-26,21:14,Chicago,41.94623734804889,-87.60052028477594,Cloudy,Wet,Fatal
2023-11-21,19:37,Los Angeles,34.145517936244396,-118.2018641881822,Clear,Dry,Low
2023-10-29,18:35,Los Angeles,34.121357837641135,-118.30116509563581,Clear,Gravel,Low
2023-01-06,18:13,New York,40.77134460264585,-73.96606131041183,,Dry,Severe
2023-03-26,14:08,Houston,29.79086786330326,-95.450783586301,,Snow,Low
2023-03-31,17:29,Los Angeles,34.06008109061562,-118.22351054978007,Snow,,Moderate
2023-07-30,10:58,Phoenix,33.542589899614,-112.11803941299391,Snow,Snow,Fatal
2023-12-25,16:40,Los Angeles,33.99999996375711,-118.1791278522401,Clear,Wet,Low
2023-10-04,18:25,Los Angeles,34.087417871103554,-118.32989188797966,Rain,Gravel,Low
2023-08-27,01:15,Chicago,41.916074192390205,-87.57320651146422,,Snow,Moderate
2023-06-14,17:35,Chicago,41.87631901859997,-87.70489522900434,Clear,Gravel,Moderate
2023-08-13,11:20,Los Angeles,34.00587069748561,-118.33500588202493,Rain,Ice,Moderate
2023-02-14,13:03,Los Angeles,34.1230220671692,-118.19487826954604,Snow,Snow,Fatal
2023-12-16,15:15,Houston,29.719024047953578,-95.34735670316593,Rain,Ice,Moderate
2023-02-17,23:22,Chicago,41.84704218901959,-87.5755321859443,Rain,Wet,Severe
2023-12-10,01:34,Los Angeles,33.98548112914161,-118.28525779235933,Cloudy,Snow,Severe
2023-06-07,19:00,Houston,29.81661065297453,-95.44913059737982,Snow,Ice,Fatal
2023-07-19,05:16,New York,40.71124660997986,-74.04943017722879,Snow,Wet,Moderate
2023-05-23,12:52,Los Angeles,34.14123402625961,-118.25464772508323,Cloudy,Gravel,Severe
2023-07-08,07:38,New York,40.617584587734626,-74.00967697563146,Snow,Snow,Severe
2023-10-04,19:27,Phoenix,33.393513282867055,-111.97418802463069,Cloudy,Gravel,Moderate
2023-09-25,22:53,Phoenix,33.38168384196353,-112.01282282799876,Rain,Dry,Moderate
2023-12-18,12:39,Houston,29.835090441032005,-95.29726815769612,Fog,Wet,Severe
2023-10-30,18:55,Houston,29.806588146744083,-95.28631484248605,Clear,Wet,Moderate
2023-03-22,18:02,Phoenix,33.487435469736965,-112.12864418073535,,Gravel,Moderate
2023-03-18,21:10,Houston,29.84746956639636,-95.3316198319912,Fog,Ice,Moderate
2023-09-18,14:10,Phoenix,33.47813523483942,-112.07721556315788,Snow,Wet,Severe
2023-02-13,16:37,Phoenix,33.406125470416086,-112.01914975005303,,Dry,Moderate
2023-10-06,23:55,Chicago,41.96051575865658,-87.60167034833776,Clear,Dry,Low
2023-02-07,20:10,Houston,29.719906373491103,-95.35556423873385,Snow,Snow,Severe
2023-06-08,09:00,Phoenix,33.36884860001063,-112.05816940324127,Clear,Ice,Severe
2023-09-19,21:44,Phoenix,33.3887130291956,-112.13083974833938,Fog,Dry,Fatal
2023-11-28,17:43,Houston,29.793951527207927,-95.45388095242065,Snow,Gravel,Moderate
2023-04-28,04:19,Houston,29.85758991362913,-95.42766161383783,Rain,Snow,Moderate
2023-02-14,21:12,Los Angeles,33.976740277099196,-118.14820996727437,Clear,Snow,Moderate
2023-12-24,23:22,New York,40.66130264209634,-74.06588469526639,Clear,Dry,Low
2023-08-09,22:40,Houston,29.673535230549586,-95.3994781987039,Rain,Ice,Severe
2023-09-10,15:38,Phoenix,33.53686772188371,-112.12163563993506,Fog,Wet,Severe
2023-08-23,23:11,Los Angeles,34.07064243171968,-118.2918482245666,Rain,Wet,Low
2023-06-05,08:29,Chicago,41.97193005802403,-87.6188111368489,Fog,Dry,Moderate
2023-04-12,22:13,New York,40.62752713628527,-73.97371541960057,Cloudy,Dry,Severe
2023-05-14,13:52,Los Angeles,34.07093442929307,-118.25258673252208,Cloudy,Snow,Moderate
2023-12-11,07:52,Los Angeles,34.103428961060104,-118.16996270781227,Cloudy,Ice,Moderate
2023-06-15,01:41,Phoenix,33.525566232596596,-112.13380691000457,Rain,Dry,Moderate
2023-03-10,20:08,Chicago,41.93477571692802,-87.63580222906388,Snow,Wet,Severe
2023-06-13,13:17,Los Angeles,34.10824223774092,-118.29207319310702,Snow,Wet,Severe
2023-12-19,20:22,Los Angeles,34.08500758980107,-118.21085947846565,Clear,,Fatal
2023-09-04,16:14,New York,40.74670447868364,-73.96084951785801,Cloudy,Wet,Moderate
2023-06-07,17:55,Phoenix,33.42776240537468,-112.12936590614179,Fog,Wet,Severe
2023-10-11,09:32,New York,40.75984466247531,-74.0264678071651,Rain,Dry,Moderate
2023-09-02,22:14,Phoenix,33.48297104197889,-112.15369715058442,Snow,Wet,Moderate
2023-01-21,07:16,Los Angeles,34.14931372263306,-118.23094138773233,Cloudy,Ice,Severe
2023-05-02,12:00,Chicago,41.85824960147889,-87.58408225076639,Rain,Wet,Severe
2023-02-28,08:05,Chicago,41.962360768395776,-87.67506557653877,Clear,Ice,Low
2023-05-26,14:05,Houston,29.763561785266024,-95.37612933085302,Fog,,Severe
2023-08-12,06:47,Phoenix,33.41015734933022,-112.14137574939008,Rain,Dry,Severe
2023-03-23,16:56,New York,40.68804052831702,-73.9779056808363,Snow,Dry,Severe
2023-07-22,12:26,Chicago,41.89944396839457,-87.5353171341376,Rain,Wet,Low
2023-12-22,04:50,Houston,29.839599548267216,-95.34689009464188,Rain,Dry,Moderate
2023-03-02,11:09,Chicago,41.872758579225994,-87.66082996907384,Clear,Ice,Low
2023-07-01,10:56,Los Angeles,34.05213015134625,-118.22022010026801,Cloudy,Gravel,Fatal
2023-08-26,20:10,Los Angeles,34.00192513628477,-118.25865893816088,Rain,Ice,Severe
2023-08-09,21:13,Chicago,41.821292783892254,-87.62846473176083,Rain,Dry,Fatal
2023-04-21,13:43,Phoenix,33.511407009407954,-112.0026563989171,Rain,Gravel,Fatal
2023-03-20,15:16,New York,40.62602206388402,-74.10460622231881,Rain,Dry,Moderate
2023-01-04,21:11,Phoenix,33.41122573754109,-112.03513096211721,Snow,Snow,Moderate
2023-03-11,14:12,New York,40.752769866296696,-73.91031873783614,Rain,Dry,Severe
2023-04-18,06:21,Chicago,41.89574939677481,-87.55550639988083,Fog,Wet,Moderate
2023-01-29,18:00,Chicago,41.809735854107785,-87.56639288650004,Cloudy,Ice,Moderate
2023-09-19,07:17,New York,40.62925581886501,-73.96225007261724,Rain,Wet,Moderate
2023-02-23,23:17,New York,40.663778091183964,-74.07719672304721,Fog,Ice,Severe
2023-07-05,03:41,New York,40.636279821159576,-73.9382814642243,Cloudy,Snow,Low
2023-05-08,05:12,New York,40.75258274051991,-74.08169746519414,Fog,Ice,Moderate
2023-01-12,17:19,Los Angeles,34.103366841207404,-118.29905365059669,Clear,Dry,Low
2023-02-22,07:22,New York,40.81167453123572,-73.92250701197922,Fog,Gravel,Severe
2023-12-16,16:24,Phoenix,33.367807962274746,-112.01412652151555,Cloudy,Snow,Moderate
2023-04-30,01:29,Houston,29.767791679360045,-95.46052749889965,Rain,Dry,Severe
2023-04-29,21:29,Phoenix,33.501666407055964,-112.00506867828646,Fog,Ice,Fatal
2023-03-21,11:07,New York,40.657618762178224,-74.01270684004795,Cloudy,Snow,Low
2023-06-25,21:36,Chicago,41.78106751239599,-87.62332718613345,Fog,Dry,Moderate
2023-06-29,07:00,New York,40.63774702442105,-74.04722165997876,Rain,Ice,Severe
2023-09-07,01:03,Phoenix,33.49638984249095,-112.14849369777798,Snow,Wet,Fatal
2023-05-25,08:40,Houston,29.761088819974724,-95.45935715946777,Snow,Gravel,Fatal
2023-05-07,23:18,Los Angeles,34.04474895930285,-118.20774695429168,Snow,,Moderate
2023-08-31,07:46,Chicago,41.95949388283464,-87.66373582385258,Clear,Dry,Low
2023-09-16,02:54,Los Angeles,33.984562812477435,-118.1871261424178,Snow,Wet,Severe
2023-02-11,17:43,New York,40.77505057287538,-74.0532889917765,Rain,Dry,Severe
2023-03-26,12:31,Phoenix,33.532676287802225,-112.16452851177182,Clear,Gravel,Low
2023-10-28,09:44,New York,40.679903277104145,-73.94610292975055,,Ice,Fatal
2023-10-20,17:11,Houston,29.802723623050806,-95.4294967973366,Clear,Snow,Low
2023-11-26,18:46,Houston,29.725864212188426,-95.29369306628975,Snow,Gravel,Severe
2023-01-13,20:28,Phoenix,33.371616539020806,-112.0196589868244,,Wet,Moderate
2023-08-29,10:30,Los Angeles,34.14789710719763,-118.2504550272905,Fog,Dry,Moderate
2023-04-16,14:14,Houston,29.74349952123716,-95.35145910078289,Fog,Wet,Fatal
2023-03-28,12:23,Houston,29.69793034868909,-95.41663778346128,Snow,Dry,Fatal
2023-01-07,21:11,Los Angeles,33.965349637026044,-118.26876520941865,Cloudy,Snow,Low
2023-01-26,11:38,New York,40.73617829279246,-73.92866896631052,Clear,Wet,Moderate
2023-05-01,23:17,New York,40.670958078643366,-73.93709131695783,Snow,Gravel,Moderate
2023-11-11,13:44,New York,40.766324318253865,-73.97135074133418,Rain,Ice,Fatal
2023-05-30,09:12,Houston,29.81646652608789,-95.28873898003899,Fog,Snow,Moderate
2023-10-14,16:28,Houston,29.744120599672787,-95.37058262643902,,Dry,Low
2023-10-19,17:13,New York,40.782323203172545,-74.01121726569767,Rain,Wet,Severe
2023-10-09,16:28,Phoenix,33.35602251782013,-112.15375468496404,Snow,Snow,Fatal
2023-03-03,13:53,Phoenix,33.40743651506327,-112.14408324631094,Fog,Wet,Moderate
2023-04-12,13:19,Houston,29.845863836354138,-95.46323498836554,Clear,Wet,Low
2023-11-24,10:35,Los Angeles,34.031908471836644,-118.29435346803942,Rain,Dry,Moderate
2023-03-23,01:24,New York,40.66165437156518,-73.9985669462302,Snow,Ice,Fatal
2023-10-24,06:41,Houston,29.81463717154253,-95.38091180559707,Snow,Dry,Fatal
2023-08-25,04:50,Phoenix,33.48907324571098,-111.97445892466735,,Snow,Severe
2023-01-08,10:48,Houston,29.854113325795293,-95.36092054153418,Clear,Snow,Low
2023-09-06,09:22,Los Angeles,34.09716574950339,-118.18354330518252,Snow,Wet,Moderate
2023-05-12,09:41,Phoenix,33.40013521615813,-112.06453648145445,Snow,Dry,Low
2023-08-10,08:36,Phoenix,33.439282781369975,-112.07999811173373,Snow,Snow,Moderate
2023-01-08,11:40,Chicago,41.90630028403432,-87.6738320485424,Fog,Gravel,Moderate
2023-05-06,04:40,Houston,29.71181181359163,-95.4137887670243,Fog,Wet,Moderate
2023-10-25,12:08,Houston,29.74227294691401,-95.27385816186592,Snow,Gravel,Severe
2023-10-04,06:06,Houston,29.749466271330505,-95.42042339919418,,Snow,Moderate
2023-07-12,22:02,New York,40.68154505026019,-73.99745255179438,Clear,Dry,Low
2023-08-27,12:07,Houston,29.788454516232804,-95.44410034974732,Rain,Wet,Low
2023-12-28,03:45,Los Angeles,34.05986650344361,-118.19982827597556,,Snow,Moderate
2023-08-26,19:25,Chicago,41.837822071952395,-87.57709744620334,Rain,Ice,Low
2023-11-24,06:46,Phoenix,33.408675177309945,-112.15819026834197,Rain,Dry,Severe
2023-09-26,19:29,Chicago,41.85958588529425,-87.70136516136982,Snow,Wet,Severe
2023-04-18,16:49,Houston,29.66188633123404,-95.37749087026474,Cloudy,Dry,Low
2023-07-09,13:18,Chicago,41.86747688864561,-87.59300744777141,Fog,Snow,Severe
2023-04-22,16:14,Chicago,41.96192220812956,-87.60999854762687,Fog,Gravel,Low
2023-12-31,19:57,Chicago,41.83549354778044,-87.60467557727331,Rain,Dry,Fatal
2023-06-14,10:19,Phoenix,33.48734234945343,-112.09708487410983,Cloudy,Snow,Low
2023-09-30,04:33,Chicago,41.91617945062821,-87.61164695872506,Snow,Dry,Severe
2023-05-03,05:27,New York,40.80502314395008,-74.03996007348788,Rain,Ice,Low
2023-09-10,09:17,Los Angeles,34.0151080890745,-118.1890489110986,Fog,Wet,Fatal
2023-04-17,22:41,Chicago,41.9134953639535,-87.53314021900084,Fog,Dry,Severe
2023-05-02,13:08,Phoenix,33.37489388328553,-112.05915012078141,Rain,Snow,Low
2023-03-27,02:57,Chicago,41.84620405277968,-87.54785619322688,Cloudy,Gravel,Fatal
2023-12-06,17:44,Chicago,41.876745890505354,-87.68505601227488,Fog,Ice,Severe
2023-10-17,04:14,Chicago,41.96050429093654,-87.55785255161327,Rain,Snow,Severe
2023-12-28,06:25,New York,40.75226401165977,-73.96934812683506,Snow,Gravel,Low
2023-10-05,01:36,Houston,29.817852290148306,-95.40043392169352,Snow,Gravel,Severe
2023-08-09,05:14,Houston,29.774281647806355,-95.43838334253812,Cloudy,,Severe
2023-06-18,06:55,New York,40.67776665555918,-74.07791209654474,Clear,Gravel,Low
2023-07-06,11:26,Phoenix,33.49430772033504,-112.15029170966919,Clear,Dry,Fatal
2023-05-18,01:50,Chicago,41.86182625995176,-87.7040051177929,Cloudy,Dry,Low
2023-10-29,13:25,Chicago,41.795880188252724,-87.61780109599259,Clear,Dry,Low
2023-04-05,17:08,Los Angeles,34.00881850703942,-118.32677351918005,Fog,Ice,Severe
2023-04-17,20:28,Chicago,41.84123366552865,-87.6277810622195,Cloudy,Dry,Severe
2023-08-27,21:35,Los Angeles,33.96354783186719,-118.22125993031327,Rain,Gravel,Low
2023-01-12,10:45,Phoenix,33.44732315635642,-112.03051605167077,Clear,Ice,Fatal
2023-06-20,01:36,Phoenix,33.4247290586773,-112.08292630643491,Snow,Snow,Fatal
2023-07-06,14:00,Houston,29.759493875399485,-95.4199133660352,Cloudy,Wet,Fatal
2023-12-27,10:33,New York,40.63049997141884,-73.94115435999673,Cloudy,Wet,Fatal
2023-06-11,22:27,New York,40.73881310114153,-73.99069066415278,Clear,Dry,Fatal
2023-12-21,06:53,Houston,29.6644407464712,-95.34536456345226,Cloudy,Dry,Moderate
2023-05-05,04:27,Phoenix,33.40588082293532,-112.0285087128783,Snow,Dry,Severe
2023-05-23,15:29,Chicago,41.82412905425794,-87.536715033411,,Gravel,Moderate
2023-09-08,22:05,Houston,29.772182651645174,-95.46415752036987,Fog,Wet,Severe
2023-10-12,16:46,Houston,29.660667238229717,-95.4527708840877,Snow,Snow,Severe
2023-02-11,07:09,Chicago,41.794000617932355,-87.70398892342496,Rain,Ice,Fatal
2023-01-05,12:19,Phoenix,33.40466592899202,-112.15936386259715,Clear,Gravel,Moderate
2023-05-22,04:42,Chicago,41.81143603581868,-87.53149237518281,Rain,Gravel,Moderate
2023-05-15,22:36,Los Angeles,34.05894044994746,-118.23243184948085,Clear,Ice,Moderate
2023-12-15,06:15,Houston,29.69257690865885,-95.34802769613837,Snow,Ice,Fatal
2023-01-02,23:35,New York,40.6862958956414,-74.0288380678902,Cloudy,Dry,Severe
2023-03-28,18:33,New York,40.69936858009611,-73.9906088818587,Fog,Wet,Moderate
2023-11-04,05:19,New York,40.80156040339997,-73.9483495517286,Clear,Gravel,Moderate
2023-06-22,12:43,Phoenix,33.35234915423558,-112.14157314823157,Clear,Ice,Moderate
2023-06-28,16:10,Los Angeles,33.99020886766158,-118.30471390439622,Clear,Wet,Moderate
2023-02-04,06:21,Houston,29.768752493486037,-95.27331227330109,Clear,Dry,Severe
2023-06-21,06:50,Houston,29.753841832388485,-95.3113610300638,Clear,Dry,Severe
2023-09-05,03:49,Houston,29.701785672091734,-95.4589293463367,Clear,Gravel,Severe
2023-08-25,18:08,Los Angeles,34.13297631912166,-118.22936992553802,Cloudy,Dry,Low
2023-08-22,18:29,Chicago,41.94495736140643,-87.66296938866398,,Wet,Moderate
2023-10-26,06:32,Houston,29.74335295930528,-95.40132772115132,Clear,Ice,Fatal
2023-05-17,19:33,Chicago,41.843550741727206,-87.56571084974767,Snow,Gravel,Moderate
2023-05-25,04:54,Chicago,41.959838587702386,-87.55824346104066,Clear,Snow,Low
2023-03-27,08:25,Phoenix,33.38950707324711,-112.1110779787153,Snow,Gravel,Severe
2023-05-28,03:30,New York,40.701906828406045,-74.02313037435079,Snow,Snow,Severe
2023-08-16,19:41,Phoenix,33.466175105494315,-112.05070475842741,Rain,Gravel,Severe
2023-06-22,04:48,Houston,29.699411157970847,-95.29166330224209,Fog,Wet,Severe
2023-08-02,02:23,Chicago,41.94820013068442,-87.70134971384559,Snow,Snow,Fatal
2023-08-23,19:35,Houston,29.721984632950083,-95.28142751281132,Fog,Gravel,Low
2023-11-14,02:43,Houston,29.746464205066495,-95.46910381167795,Cloudy,Gravel,Low
2023-10-11,02:24,New York,40.79118237896778,-73.92076013122352,Fog,Wet,Moderate
2023-05-13,15:48,Los Angeles,34.01386283114908,-118.25074090511703,Rain,Gravel,Fatal
2023-07-12,19:52,New York,40.6739710577001,-74.08841889158961,Clear,Ice,Moderate
2023-07-25,21:52,Houston,29.679736429873937,-95.2997387800595,Fog,Wet,Severe
2023-01-23,09:09,Chicago,41.802058236270256,-87.64380337398906,Fog,Wet,Severe
2023-12-19,04:51,New York,40.67868975921612,-74.04640887260733,Clear,,Low
2023-09-14,03:44,Houston,29.676522004586523,-95.4563973411967,,Gravel,Low
2023-12-31,11:50,Phoenix,33.39662458731708,-112.04078042803707,,Gravel,Severe
2023-12-06,18:05,Los Angeles,34.13834884411592,-118.2621844834186,Cloudy,Dry,Severe
2023-09-22,20:37,New York,40.614881980555516,-74.033498604884,Rain,Dry,Low
2023-02-01,03:26,Chicago,41.972504327665526,-87.6402770304249,Clear,Snow,Moderate
2023-07-04,22:05,Los Angeles,34.041066976962874,-118.23752820781972,Cloudy,Snow,Moderate
2023-02-05,12:58,Los Angeles,33.96449598356089,-118.32016654460436,Clear,Snow,Severe
2023-06-24,16:46,New York,40.662189347254,-73.91535672799311,,Gravel,Severe
2023-11-10,02:51,Houston,29.814500221947664,-95.42031474445385,Clear,Snow,Low
2023-04-13,17:14,Houston,29.765861969270052,-95.4465757054701,Snow,Gravel,Low
2023-02-22,10:58,Houston,29.80811727964858,-95.33336744696061,Snow,Gravel,Moderate
2023-05-14,03:59,Los Angeles,33.98702191323262,-118.27596649142237,,Ice,Moderate
2023-06-12,21:45,Chicago,41.96797589727009,-87.61568521513846,Cloudy,Wet,Severe
2023-01-27,17:57,Los Angeles,34.130713239635334,-118.17959128703941,Snow,Ice,Severe
2023-12-10,14:46,Los Angeles,34.149790619981566,-118.14493706168837,Rain,Gravel,Severe
2023-06-28,16:42,Chicago,41.88415927996307,-87.66367695201447,Snow,,Severe
2023-10-21,10:17,Phoenix,33.515627744884675,-111.98738930297012,Rain,Snow,Low
2023-06-30,14:33,Houston,29.812934654212594,-95.41184409092064,Rain,Snow,Severe
2023-08-26,12:32,Chicago,41.970002017775855,-87.6415067311339,Fog,Dry,Severe
2023-09-18,21:40,Houston,29.74540726586273,-95.44190733034259,Rain,Wet,Fatal
2023-09-23,19:44,Phoenix,33.39448233500644,-112.08700561984793,Clear,Dry,Low
2023-10-16,14:00,Phoenix,33.45351967057827,-112.03140101615936,Clear,Snow,Moderate
2023-10-24,04:36,Phoenix,33.433843164802965,-112.04921075103312,Rain,Wet,Severe
2023-12-09,09:36,Chicago,41.94388813240526,-87.69962265166168,Clear,Gravel,Low
2023-03-07,22:17,Phoenix,33.36497411121684,-112.11194605287,Fog,Ice,Severe
2023-09-30,02:54,Los Angeles,34.0498407877344,-118.18200019915083,Rain,Wet,Severe
2023-10-10,02:49,Phoenix,33.37406032400529,-112.11411780584676,Fog,Ice,Fatal
2023-12-25,14:22,New York,40.65650045242551,-74.07144119579863,Clear,Snow,Moderate
2023-10-23,01:55,Phoenix,33.445468863590506,-112.15821847244405,Fog,Snow,Severe
2023-03-11,23:13,Los Angeles,34.073642655185424,-118.20839406426676,Fog,Wet,Moderate
2023-08-13,16:46,Houston,29.78678245117787,-95.4015791060083,Clear,Gravel,Low
2023-04-25,01:12,New York,40.74038479422315,-74.07936986381331,Rain,Dry,Fatal
2023-01-08,14:42,Houston,29.85755787667739,-95.40750549483812,Snow,Wet,Fatal
2023-12-06,23:16,Houston,29.737383553736898,-95.45811385092287,Cloudy,Ice,Moderate
2023-04-14,08:57,Los Angeles,33.98118949965265,-118.19601960031034,Clear,Dry,Low
2023-02-26,05:48,New York,40.71194446323912,-74.00203963295212,Cloudy,Wet,Moderate
2023-01-24,07:08,Houston,29.706366831472344,-95.45599397119854,Snow,Wet,Severe
2023-02-21,17:28,Phoenix,33.3902847557653,-112.04405097754135,,Gravel,Low
2023-03-28,17:24,Houston,29.721427348337933,-95.40292386809195,Cloudy,Ice,Moderate
2023-11-06,14:09,Phoenix,33.3643187569209,-112.12396559047203,Clear,Ice,Moderate
2023-01-03,10:18,Houston,29.7881889339479,-95.37294963139014,Rain,Gravel,Severe
2023-01-17,12:28,Houston,29.68245679908733,-95.41894214094893,Cloudy,Snow,Low
2023-06-22,22:46,Phoenix,33.42489137031426,-112.1662360265091,Cloudy,Gravel,Moderate
2023-09-24,23:08,Chicago,41.8749440503192,-87.54273236953912,Snow,Gravel,Severe
2023-10-17,23:03,Houston,29.794391156192013,-95.30498675575379,Snow,,Moderate
2023-08-06,00:49,Phoenix,33.39522477451735,-112.11101397243475,Fog,Wet,Severe
2023-10-18,20:26,Phoenix,33.54057386315683,-112.16798118869397,Fog,Dry,Severe
2023-08-24,22:29,Houston,29.825035932906424,-95.27025397907241,Snow,Gravel,Severe
2023-08-08,00:09,Phoenix,33.3888602515985,-112.05978454666317,Fog,Snow,Low
2023-10-09,03:11,Phoenix,33.350704662950506,-112.03960756501662,Clear,,Moderate
2023-03-05,17:35,Phoenix,33.43186186803607,-112.1042290344132,Fog,Dry,Moderate
2023-06-12,10:45,New York,40.73280298470928,-73.96991028560228,Rain,Wet,Severe
2023-01-22,20:30,Phoenix,33.51500643765182,-111.9863382677382,Clear,Wet,Moderate
2023-01-31,01:44,Houston,29.825447414011634,-95.3023497405667,Clear,Ice,Fatal
2023-11-20,12:48,New York,40.74404025007477,-73.99291274462513,Clear,Dry,Low
2023-06-05,23:45,Los Angeles,34.132992578278575,-118.34005383071634,Clear,Dry,Low
2023-12-15,13:02,Los Angeles,34.14412204726046,-118.28618024890208,Clear,Ice,Severe
2023-04-26,08:10,Los Angeles,34.02950862525118,-118.21208999445237,Cloudy,Dry,Low
2023-01-27,02:20,Los Angeles,34.08004010954393,-118.15744809388569,,Wet,Severe
2023-11-16,08:12,Houston,29.838230539338163,-95.45197538663717,Snow,Gravel,Severe
2023-06-23,23:45,New York,40.75540652774923,-73.94562437173691,Rain,Ice,Severe
2023-02-15,08:48,Phoenix,33.42140602451042,-112.13978632504968,Snow,Gravel,Severe
2023-12-31,09:51,Los Angeles,34.062392265127905,-118.20450777704696,Fog,Snow,Moderate
2023-05-29,16:38,Phoenix,33.516907817637474,-112.0418775742744,Cloudy,Wet,Severe
2023-03-29,15:20,New York,40.61658578673455,-74.10423392696137,Snow,Dry,Moderate
2023-10-04,04:47,New York,40.76088137100233,-73.91010707742457,Snow,Gravel,Moderate
2023-12-29,15:57,Chicago,41.879119933593294,-87.62390520950431,Fog,Dry,Fatal
2023-02-22,09:19,Los Angeles,34.10607851055021,-118.1775559966371,Rain,Dry,Fatal
2023-02-24,22:31,Chicago,41.89740838762511,-87.66047673039844,,Snow,Moderate
2023-02-13,18:47,Houston,29.853439136887598,-95.41790490094586,Rain,Wet,Severe
2023-11-10,20:13,Los Angeles,33.997058966898535,-118.25380036350161,Fog,Ice,Severe
2023-09-14,17:02,Los Angeles,34.07326888897812,-118.24674307116605,Fog,Wet,Moderate
2023-03-27,06:15,Los Angeles,34.01089662333975,-118.33827925267722,,Dry,Moderate
2023-03-20,03:06,Phoenix,33.41765845626119,-112.03908594087817,Snow,Ice,Moderate
2023-01-09,02:52,Phoenix,33.42951246747898,-112.10531381183046,Snow,Wet,Severe
2023-06-17,08:54,Houston,29.69158627923006,-95.29819618657211,Cloudy,Ice,Severe
2023-04-26,00:51,Los Angeles,34.03704016282718,-118.32475898504478,Snow,Snow,Moderate
2023-04-01,12:33,Houston,29.787398948797716,-95.31830294852152,Cloudy,Ice,Severe
2023-03-09,17:33,Phoenix,33.36510356552464,-112.00188198307404,Snow,,Fatal
2023-11-20,09:23,Los Angeles,34.08908308861507,-118.2111685455923,Snow,Ice,Moderate
2023-11-17,20:22,Houston,29.773728706564036,-95.2850593357479,Cloudy,Wet,Moderate
2023-11-14,17:23,Los Angeles,33.97115459118872,-118.2538911409081,Cloudy,Wet,Low
2023-08-27,21:47,New York,40.699688096089595,-73.96956376739664,Clear,Ice,Moderate
2023-12-21,22:38,Chicago,41.80143594020788,-87.62925999814945,Rain,Wet,Moderate
2023-08-11,11:36,New York,40.64634408605762,-74.08164864860757,Fog,Snow,Moderate
2023-07-21,06:18,Houston,29.768479781868255,-95.28089860052364,Rain,Ice,Fatal
2023-04-08,07:31,Houston,29.68764639445711,-95.27704183168748,Fog,Wet,Fatal
2023-05-24,01:55,Chicago,41.868943287102006,-87.55645238291929,Cloudy,Gravel,Low
2023-03-06,18:43,Los Angeles,34.04758670338128,-118.31789747492581,Snow,Ice,Fatal
2023-01-31,19:19,Los Angeles,34.054720364418635,-118.25556479167112,Cloudy,Wet,Moderate
2023-06-03,00:36,New York,40.68936789891087,-73.93657202736053,Fog,Gravel,Severe
2023-08-27,10:48,Chicago,41.86845117985382,-87.63158039374258,Cloudy,Wet,Moderate
2023-10-10,00:32,Houston,29.67823500032542,-95.3503412390927,Snow,Dry,Fatal
2023-11-12,00:36,Houston,29.66675611871797,-95.30933260413333,Rain,Wet,Severe
2023-01-19,18:38,Los Angeles,33.958896803297954,-118.2196226586437,Snow,Snow,Severe
2023-01-09,21:13,Los Angeles,34.04863516133155,-118.27133286171332,Clear,Dry,Low
2023-09-05,21:27,Chicago,41.78875035442107,-87.54988414918579,Rain,Ice,Low
2023-06-08,10:20,Chicago,41.86425650252015,-87.69459487132966,Rain,Dry,Moderate
2023-06-17,14:40,Chicago,41.95616723511149,-87.67298611173499,Clear,Gravel,Severe
2023-05-28,20:39,Los Angeles,34.06501708999254,-118.1614704743272,Snow,Wet,Severe
2023-08-29,18:21,Chicago,41.86122080661816,-87.54456311146915,Rain,Gravel,Severe
2023-05-10,01:12,Houston,29.73620016132073,-95.41705727937206,Cloudy,Gravel,Low
2023-05-03,01:26,New York,40.72412269949987,-74.06156991788522,Fog,Ice,Moderate
2023-03-19,19:57,Phoenix,33.4206835910473,-112.1661248691414,Rain,Wet,Severe
2023-10-01,08:57,Phoenix,33.45595086980644,-112.00096314816435,Snow,Ice,Moderate
2023-04-08,06:17,Chicago,41.82353013751832,-87.67512265955028,Fog,Wet,Severe
2023-08-07,09:57,New York,40.62741895775086,-74.01471300359044,Snow,Wet,Severe
2023-05-11,22:16,New York,40.61985694137689,-74.06667742451886,Clear,Dry,Moderate
2023-06-04,09:06,Chicago,41.86658439086777,-87.71504640993408,Cloudy,Snow,Low
2023-02-04,12:00,New York,40.79095830351162,-73.94484580656325,Rain,Gravel,Low
2023-10-18,14:59,New York,40.79936265515319,-73.93950960279658,Snow,Ice,Moderate
2023-09-03,13:57,New York,40.65829263083663,-74.09863921945333,Clear,Dry,Severe
2023-05-24,19:00,Los Angeles,34.09522898594863,-118.2278639505602,Clear,Snow,Severe
2023-12-09,06:03,Phoenix,33.48841900324313,-111.99631869870156,Fog,Snow,Severe
2023-07-09,17:36,Chicago,41.87022682142593,-87.56128649926588,Clear,Gravel,Low
2023-01-31,23:18,Houston,29.773655888626525,-95.45502952335643,,Dry,Low
2023-08-10,04:13,Los Angeles,34.002621574226005,-118.29655815211692,Fog,Dry,Fatal
2023-03-27,12:54,New York,40.62802804741525,-73.97001434595427,Rain,Dry,Moderate
2023-12-10,20:57,Phoenix,33.48116818294894,-112.07889644231673,Fog,Snow,Moderate
2023-07-26,07:18,Los Angeles,34.07091483698893,-118.18929137685036,Snow,Snow,Severe
2023-06-16,22:18,Phoenix,33.47346142280406,-112.07392612055393,Clear,Snow,Moderate
2023-05-28,18:40,Los Angeles,33.98318312448941,-118.2621259904737,Rain,Gravel,Moderate
2023-08-20,16:16,Los Angeles,34.009809681378094,-118.33271895369903,Cloudy,Gravel,Fatal
2023-11-15,19:37,Phoenix,33.54158408173371,-112.09744057388188,Snow,Dry,Fatal
2023-04-23,18:34,Houston,29.730616134924784,-95.42468033466996,Snow,Dry,Low
2023-10-21,06:33,New York,40.66043023637299,-74.07410409174403,Rain,Ice,Moderate
2023-05-02,01:39,New York,40.78383982706686,-74.09078400365702,Clear,Gravel,Low
2023-01-31,15:50,New York,40.64117720457816,-73.93014999321689,Rain,Dry,Severe
2023-09-28,11:11,New York,40.736990223697084,-74.03608852806853,Snow,Ice,Fatal
2023-06-13,19:45,Chicago,41.783544856009804,-87.68906314806799,Cloudy,Wet,Severe
2023-04-15,18:27,Houston,29.805398553612044,-95.35005667024856,Clear,Dry,Low
2023-10-11,03:16,New York,40.745066226647566,-73.99443733103381,Fog,Wet,Severe
2023-07-20,04:46,Houston,29.760301473777798,-95.44833806040609,Clear,Wet,Low
2023-11-02,21:49,New York,40.8062140937389,-73.96614689395446,Rain,Wet,Low
2023-04-18,02:33,Chicago,41.90139338554783,-87.58410874857103,,Ice,Moderate
2023-06-06,04:58,Houston,29.73669188584416,-95.29983130790333,Snow,Wet,Fatal
2023-09-30,04:24,Phoenix,33.43483294105829,-112.00342954447727,Clear,Wet,Fatal
2023-07-11,23:06,Los Angeles,34.06606734949323,-118.3368441915873,Fog,Ice,Low
2023-01-05,04:09,Los Angeles,34.137256131361376,-118.28373376350756,Clear,Gravel,Low
2023-05-31,09:14,Chicago,41.85686386809238,-87.5330286297763,Fog,Snow,Fatal
2024-01-01,12:23,New York,40.80415073196664,-74.07686583090982,Cloudy,Snow,Low
2023-09-08,21:02,Los Angeles,34.0126922549705,-118.15887010809948,Fog,Snow,Fatal
2023-05-19,18:15,New York,40.74651349440412,-74.08117675888236,Cloudy,Snow,Low
2023-07-20,12:20,New York,40.61892317464639,-73.97296625077695,Cloudy,Gravel,Severe
2023-03-19,21:47,Los Angeles,34.031507384367494,-118.23137418472824,Cloudy,Ice,Moderate
2023-04-10,15:46,Chicago,41.782091827804535,-87.5822754718,Cloudy,Dry,Low
2023-01-25,23:22,New York,40.79035428734779,-73.95783018482254,Cloudy,Gravel,Moderate
2023-05-30,08:24,New York,40.66720425569783,-73.95123672981103,Fog,Wet,Moderate
2023-11-17,02:53,Phoenix,33.487282828245725,-112.09258038115334,Snow,Ice,Severe
2023-07-18,16:04,Houston,29.84362769018719,-95.30226618470186,Clear,Dry,Low
2023-11-25,05:14,Phoenix,33.52152598786334,-112.12825833494935,Rain,Snow,Fatal
2023-01-22,08:11,Houston,29.682171132908717,-95.31460046866393,Rain,Gravel,Severe
2023-04-08,06:35,Phoenix,33.470532665039336,-112.134274113889,Rain,Wet,Moderate
2023-11-08,10:26,Houston,29.82456950121257,-95.43961235182799,Cloudy,Snow,Fatal
2023-08-08,04:59,Los Angeles,34.00660712045291,-118.23000469525454,Snow,Gravel,Severe
2023-06-19,19:01,Chicago,41.82640534985776,-87.61019071330777,Fog,Gravel,Moderate
2023-05-26,03:32,New York,40.654417648577734,-74.04657147801223,Clear,Gravel,Low
2023-08-04,03:38,Houston,29.72886940213338,-95.4232687074236,Snow,Gravel,Fatal
2023-02-04,08:25,New York,40.69813924319378,-74.00251382308205,Rain,Ice,Fatal
2023-12-17,05:48,Chicago,41.844672301218324,-87.6014283189504,Cloudy,Dry,Moderate
2023-02-14,11:07,Chicago,41.79672399987438,-87.59361192141085,Clear,Snow,Moderate
2023-11-30,04:53,Houston,29.830359632313765,-95.29206853183827,Snow,Ice,Severe
2023-12-12,08:09,Los Angeles,34.06443450161302,-118.15015231120324,Cloudy,,Low
2023-04-11,03:34,Chicago,41.91005063634173,-87.62950363026327,Fog,Wet,Severe
2023-10-16,13:30,Houston,29.740002284531787,-95.38777337055969,Cloudy,Snow,Moderate
2024-01-01,17:15,Houston,29.80537735138627,-95.37132963239199,Clear,Snow,Moderate
2023-10-10,16:32,Chicago,41.906975698957176,-87.55681401002177,Fog,Wet,Severe
2023-08-09,17:25,Los Angeles,34.04537890914602,-118.15389869248567,Fog,Gravel,Moderate
2023-08-26,12:47,Chicago,41.88526325163479,-87.65979363242396,Snow,Ice,Severe
2023-03-01,22:48,Los Angeles,34.12845987756516,-118.2155184993146,Snow,Dry,Moderate
2023-10-23,18:39,Houston,29.797094193872656,-95.46143286258805,,Snow,Moderate
2023-04-13,20:17,New York,40.64151303410692,-73.9538999898633,Clear,Ice,Moderate
2023-06-05,12:15,Phoenix,33.474694279166066,-112.06357402482695,Rain,Wet,Moderate
2023-04-12,03:50,Houston,29.69238122689342,-95.40458701534705,Rain,Ice,Moderate
2023-02-09,20:41,Chicago,41.858996203207006,-87.6956964355725,Fog,Gravel,Moderate
2023-12-26,20:44,Houston,29.69342636048709,-95.30082376218817,Cloudy,Gravel,Low
2023-09-03,10:05,Phoenix,33.422391661009875,-112.13462476758404,Snow,Wet,Moderate
2023-12-26,14:55,Phoenix,33.45410251804959,-112.03341312878113,Cloudy,Gravel,Low
2023-05-10,05:47,New York,40.79008495955039,-74.00302674921406,,Ice,Fatal
2023-10-31,02:12,Los Angeles,34.053850768968736,-118.17453268302582,Snow,Ice,Moderate
2023-10-25,02:44,New York,40.80209187530465,-74.10314188907803,Rain,,Fatal
2023-04-17,03:18,Chicago,41.907860737562345,-87.6518664373499,Fog,Gravel,Fatal
2023-05-29,20:58,Chicago,41.794476014961845,-87.53158795556956,Snow,Ice,Moderate
2023-12-27,19:59,Chicago,41.96116574402114,-87.55105800458196,Snow,Snow,Fatal
2023-11-17,04:15,Chicago,41.948270867052784,-87.53099743432477,Rain,Gravel,Moderate
2023-04-18,12:13,Los Angeles,34.073051581813274,-118.16803933253584,Fog,Snow,Moderate
2023-05-02,21:24,New York,40.80239446094882,-74.05609768374444,Snow,Dry,Severe
2023-12-11,01:56,Houston,29.66711933997483,-95.30261409649903,Cloudy,Wet,Severe
2023-01-12,04:27,Houston,29.796428632995653,-95.30518147313218,,Ice,Moderate
2023-04-04,12:46,Los Angeles,34.01089062590777,-118.25281177923233,Clear,Wet,Moderate
2023-01-03,20:43,Chicago,41.81832457461076,-87.64043223229967,Fog,Wet,Severe
2023-04-22,12:57,New York,40.64593447881048,-74.02154537670737,Fog,Ice,Low
2023-05-23,21:38,New York,40.724034895857244,-74.0894074512534,,Dry,Low
2023-03-27,03:04,New York,40.802684247251996,-74.00163466299121,Clear,Snow,Severe
2023-03-08,03:12,Chicago,41.87860488471898,-87.6143682701588,Cloudy,Snow,Low
2023-02-05,09:07,Phoenix,33.51989119832196,-112.12957987325414,Fog,Wet,Severe
2023-01-25,15:23,Los Angeles,33.9914786083232,-118.31718163195804,Cloudy,Wet,Moderate
2023-04-29,12:46,Houston,29.711970574730476,-95.29167404432637,Fog,Wet,Severe
2023-09-27,01:25,Houston,29.716279899111257,-95.33655279908565,Rain,,Severe
2023-02-25,19:49,Chicago,41.933059588725676,-87.54921882526509,Rain,Snow,Moderate
2023-06-10,20:57,Houston,29.729804541766676,-95.35971981496456,Rain,Ice,Low
2023-09-23,16:05,Chicago,41.88736572089704,-87.55134012426257,Snow,Ice,Severe
2023-07-09,06:40,Los Angeles,34.15154237462108,-118.23050507004714,Clear,Wet,Severe
2023-01-12,14:59,Phoenix,33.428053545670934,-112.1313870765551,Clear,Wet,Moderate
2023-08-31,01:49,Los Angeles,34.051964860077845,-118.14553578181454,Snow,Snow,Severe
2023-07-05,20:27,Chicago,41.82676585660525,-87.70606318776994,Clear,Ice,Severe
2023-11-14,22:41,Chicago,41.969183485555675,-87.68843982831791,Fog,,Moderate
2023-12-25,11:20,New York,40.663293092829505,-74.04145444269011,Snow,Dry,Moderate
2023-12-22,22:21,Houston,29.679973510296936,-95.34071488381029,Clear,Gravel,Low
2023-06-15,13:09,Chicago,41.90787673160169,-87.70955153872528,Cloudy,,Severe
2023-09-28,03:29,New York,40.67173244152542,-73.9766596049741,Rain,Wet,Low
2023-10-27,22:28,New York,40.776069301768885,-74.03281016949923,Rain,Gravel,Severe
2023-05-07,10:02,Houston,29.73778824051297,-95.46207617883567,Fog,Ice,Severe
2023-08-02,05:05,Houston,29.713687443848677,-95.4018124737831,Snow,Ice,Severe
2023-10-05,10:55,Chicago,41.93988395217081,-87.7077342336298,Fog,,Severe
2023-09-15,12:10,Phoenix,33.373850329705455,-112.01417171238683,Snow,Dry,Fatal
2023-09-03,22:00,Chicago,41.813862757258,-87.61633204889571,Snow,Ice,Moderate
2023-07-11,09:11,Chicago,41.84370630082058,-87.711620971873,Cloudy,Gravel,Low
2023-07-07,17:11,Los Angeles,34.128382760244556,-118.29461855003032,Fog,Gravel,Severe
2023-02-09,15:29,Chicago,41.95198633100516,-87.58487469841582,Rain,Snow,Severe
2023-12-01,09:08,Houston,29.83857704000973,-95.46905085417103,,Snow,Fatal
2023-04-08,11:25,Los Angeles,34.109626286935544,-118.27519381583664,Clear,Ice,Severe
2023-09-12,17:22,Houston,29.693665596799885,-95.43161542675294,Cloudy,Snow,Moderate
2023-04-15,09:04,Los Angeles,34.119479695185746,-118.27533342222675,Snow,Ice,Severe
2023-03-01,00:44,Phoenix,33.460467979964406,-112.16790282321074,Fog,Dry,Low
2023-03-23,05:33,Los Angeles,34.12845135177504,-118.27560182312936,Fog,Wet,Moderate
2023-10-13,01:08,Houston,29.841323587716037,-95.45190043741935,Cloudy,Snow,Low
2023-08-18,10:25,Los Angeles,33.966232682849196,-118.20947832433973,Clear,Wet,Moderate
2023-06-27,02:26,Chicago,41.923366033586355,-87.5698198075095,Fog,Ice,Moderate
2023-06-12,08:24,Chicago,41.91048018319707,-87.72588608661603,Rain,Dry,Severe
2023-12-09,06:41,New York,40.77484121483476,-73.90751036164619,Clear,Snow,Moderate
2023-04-04,04:37,Phoenix,33.3881859046693,-112.00131966121721,Fog,Ice,Moderate
2023-02-15,15:27,Chicago,41.97554485431186,-87.57504997474435,Fog,Dry,Moderate
2023-05-31,09:40,Phoenix,33.49784196420597,-111.98460355968616,Fog,Wet,Severe
2023-12-31,14:25,Los Angeles,33.98523756911066,-118.2813796402781,Rain,Gravel,Severe
2023-11-15,06:47,Houston,29.7856330081817,-95.45763786976582,Rain,Snow,Severe
2023-04-17,23:17,Chicago,41.80590812252246,-87.59626333015458,Clear,Snow,Moderate
2023-09-30,02:40,Houston,29.76970093852673,-95.30003496053675,Cloudy,Snow,Moderate
2023-10-21,22:06,Houston,29.785825855828175,-95.33930940872006,Clear,Dry,Moderate
2023-06-09,07:05,Chicago,41.89580611611251,-87.58212952303606,Fog,Wet,Severe
2023-01-29,09:34,Los Angeles,33.979570679892696,-118.27999104620241,Fog,Ice,Severe
2023-05-21,11:44,Houston,29.70768893481112,-95.44435954745317,Fog,Ice,Moderate
2023-04-25,20:19,Chicago,41.83222691285783,-87.71848849217689,Snow,Wet,Moderate
2023-09-03,20:24,Chicago,41.9101010189211,-87.66416115571643,Cloudy,Dry,Fatal
2023-11-26,04:42,Phoenix,33.52128000310569,-112.10751128554833,Clear,Ice,Fatal
2023-12-27,17:51,Los Angeles,33.98470861463859,-118.22757863832186,Snow,Wet,Severe
2023-10-19,05:50,New York,40.75421549897427,-74.03154207896803,Rain,Ice,Severe
2023-06-23,06:13,Los Angeles,34.14530552142536,-118.21884074289463,Snow,Gravel,Low
2023-08-07,09:05,Los Angeles,34.09775627496771,-118.18098227107622,Fog,Wet,Severe
2023-10-09,17:37,Phoenix,33.477796637013164,-112.1576832118356,Snow,Dry,Moderate
2023-06-19,01:23,New York,40.80026211455568,-73.9833228979347,Cloudy,,Moderate
2023-07-20,10:57,Los Angeles,34.13413110705074,-118.23027337328543,Rain,Ice,Severe
2023-05-16,22:50,New York,40.783158943803876,-74.10110663318714,Fog,Wet,Low
2023-09-14,01:33,New York,40.61727199283794,-73.92255335544183,Fog,Snow,Moderate
2023-01-29,04:42,Los Angeles,34.02476231753494,-118.15608959942759,Clear,,Fatal
2023-10-24,20:40,New York,40.78163384579595,-74.05666293841836,Snow,,Moderate
2023-01-06,19:06,Chicago,41.97302219211083,-87.63185502493619,Cloudy,Wet,Moderate
2023-09-01,14:15,Los Angeles,34.139306106399424,-118.23059477311482,Fog,Snow,Moderate
2023-07-28,11:53,Chicago,41.83100167161075,-87.71675084729263,Clear,Ice,Fatal
2023-04-12,12:24,Houston,29.858388079599706,-95.33284136584138,Snow,Snow,Fatal
2023-03-22,07:01,Phoenix,33.39704518610699,-112.0958982587566,Cloudy,Dry,Low
2023-07-31,20:44,New York,40.77421215868012,-74.0847547140302,Snow,Dry,Low
2023-03-03,14:03,Phoenix,33.41175988973824,-112.05451356357992,Snow,Wet,Fatal
2023-11-02,14:37,Los Angeles,34.1381176365457,-118.29852861380033,Clear,,Low
2023-12-04,09:13,New York,40.62324096752677,-74.04577220164789,Fog,Ice,Fatal
2023-03-27,03:13,New York,40.716029391181934,-74.0464690573446,Rain,Dry,Fatal
2023-06-20,10:45,Phoenix,33.40176924271944,-112.02169313570977,Clear,Ice,Moderate
2023-09-26,03:59,Phoenix,33.49545813125356,-112.15308822644712,,Gravel,Fatal
2023-12-06,07:04,Chicago,41.81082257975229,-87.7072944644592,Snow,Dry,Moderate
2023-08-10,11:17,Phoenix,33.35159206938879,-112.08502401196938,Cloudy,Snow,Low
2023-01-15,07:19,Chicago,41.851789679600245,-87.69852790947346,Clear,,Severe
2023-01-03,04:21,New York,40.70269945876054,-73.96574151216916,Fog,Dry,Severe
2023-05-18,13:56,Chicago,41.85207697543422,-87.62559610612334,Cloudy,Dry,Moderate
2023-04-24,20:14,New York,40.68057736154717,-73.94539703113222,Rain,Snow,Severe
2023-03-20,12:04,Phoenix,33.44864322822682,-111.99292173268947,Rain,Gravel,Severe
2023-01-03,01:38,Phoenix,33.4763142234557,-112.02296746446638,Snow,Wet,Fatal
2023-07-19,00:35,Phoenix,33.358375341520265,-112.04037300364136,Clear,Dry,Moderate
2023-11-09,23:16,Phoenix,33.50152126903303,-112.16552992831596,Rain,Gravel,Severe
2023-02-19,01:35,New York,40.80994866610695,-74.06636317559752,Cloudy,Dry,Low
2023-04-06,20:08,Houston,29.715824118550856,-95.44780118813615,Snow,,Low
2023-07-22,22:27,Los Angeles,34.01554891467518,-118.22605968190011,Fog,Gravel,Moderate
2023-07-03,00:40,Chicago,41.85275354227511,-87.68416096752611,Snow,Dry,Moderate
2023-11-12,05:25,Houston,29.802051020737057,-95.38449752817391,Cloudy,Snow,Low
2023-09-20,22:25,Chicago,41.946702548319614,-87.6890847211895,Rain,Snow,Fatal
2023-02-27,11:37,Los Angeles,33.986584223360914,-118.28969145704652,Snow,Wet,Moderate
2023-03-16,17:20,New York,40.679403354984146,-74.07923059451132,Fog,Wet,Moderate
2023-01-10,13:56,Los Angeles,34.04778060758188,-118.23274876967834,Cloudy,Snow,Severe
2023-08-28,14:16,Houston,29.847440443236138,-95.39974996133759,Rain,Snow,Fatal
2023-11-03,03:15,New York,40.7121112506795,-74.09872809355825,Clear,Ice,Fatal
2023-05-03,08:17,Phoenix,33.44706639671592,-112.10362177580319,Cloudy,Wet,Severe
2023-11-06,10:28,Los Angeles,34.025944156271066,-118.1693097264091,Rain,Dry,Moderate
2023-04-21,07:12,New York,40.625424494416656,-74.09748179914516,Clear,Wet,Fatal
2023-09-15,18:00,Houston,29.811010358893604,-95.3443604887926,Fog,Ice,Low
2023-07-02,00:40,Chicago,41.90341775595324,-87.60829493028824,Snow,Snow,Moderate
2023-02-08,19:50,Houston,29.736679978281476,-95.3342196822677,Rain,Gravel,Severe
2023-08-30,09:06,Houston,29.671737304983136,-95.35450949616404,Rain,Wet,Severe
2023-02-02,05:31,Phoenix,33.49287281653136,-111.99415417189061,Fog,Wet,Severe
2023-08-30,19:22,Houston,29.833754972031485,-95.43324869712764,Cloudy,Wet,Moderate
2023-07-26,10:32,Los Angeles,34.13827991863246,-118.1568350260902,Rain,Dry,Severe
2023-10-29,11:53,Chicago,41.892481888488,-87.68640399933372,Snow,Dry,Moderate
2023-11-12,03:56,Houston,29.679080825046334,-95.28540683314124,Clear,Gravel,Low
2023-10-17,01:54,New York,40.78497829404186,-74.01752903640063,Snow,Ice,Fatal
2023-03-11,23:54,New York,40.659642172002755,-74.09391750856676,Fog,Dry,Severe
2023-08-23,11:41,Phoenix,33.40106037813002,-112.11013264491623,Snow,Gravel,Moderate
2023-04-06,15:34,Houston,29.808118531479035,-95.30331182216602,Snow,Gravel,Moderate
2023-01-16,17:12,Houston,29.756487595281236,-95.32579791931782,Rain,Ice,Moderate
2023-06-19,03:11,New York,40.80623571922313,-73.93178111963984,Clear,Dry,Low
2023-04-16,12:39,Houston,29.681849096652833,-95.46805060463211,Rain,Gravel,Fatal
2023-11-17,02:26,Chicago,41.918624309152044,-87.69298032117412,Snow,Gravel,Severe
2023-03-28,18:26,Houston,29.830076901853275,-95.36559548213724,Cloudy,Snow,Severe
2023-04-09,23:40,Houston,29.75339728952074,-95.2970009666658,Clear,Ice,Severe
2023-11-02,22:58,Chicago,41.83040098653692,-87.61439952232568,Fog,Ice,Moderate
2023-08-23,05:11,Chicago,41.88343955301459,-87.57873027618155,Rain,Wet,Severe
2023-04-02,14:02,New York,40.70103363978104,-74.00923255791005,Snow,Dry,Moderate
2023-06-29,06:33,Chicago,41.8268184343041,-87.66935023856226,Snow,Wet,Moderate
2023-05-04,03:06,New York,40.70232140205613,-74.04484388197662,Fog,Wet,Moderate
2023-01-05,05:43,Chicago,41.840934578781,-87.5361215915413,Rain,Wet,Moderate
2023-02-28,20:43,Los Angeles,34.129373530032694,-118.26085460301553,Clear,,Low
2023-07-29,08:57,Houston,29.722328548857288,-95.32263399803699,,Gravel,Low
2023-04-28,12:24,Los Angeles,33.98243239223312,-118.23555882062212,Cloudy,Gravel,Severe
2023-11-04,10:40,New York,40.79286533690079,-74.02893673543277,Rain,Dry,Moderate
2023-01-20,08:54,Los Angeles,34.149814374424196,-118.28850380365112,Fog,Gravel,Severe
2023-09-14,23:31,Los Angeles,34.09689171618256,-118.1997259554362,Clear,Ice,Severe
2023-08-31,17:12,Phoenix,33.5287246848584,-112.09162648341831,Rain,Snow,Low
2023-03-21,11:39,Los Angeles,34.120905521650165,-118.28007663200978,Cloudy,Ice,Moderate
2023-03-08,08:33,Chicago,41.844168329446845,-87.57527553927956,Cloudy,,Low
2023-01-21,03:30,Los Angeles,34.02547280716955,-118.23162956930106,Clear,Gravel,Moderate
2023-06-09,14:57,Phoenix,33.359827718494785,-112.0681713995029,Cloudy,,Severe
2023-11-30,15:10,Los Angeles,34.05023938574692,-118.32653334021072,Fog,Gravel,Fatal
2023-05-26,12:17,Phoenix,33.465603099844365,-112.0852479875874,Cloudy,Ice,Fatal
2023-12-18,02:06,Houston,29.710777385075044,-95.46536350921241,Rain,Wet,Severe
2023-12-09,06:26,Chicago,41.96257906739234,-87.61933555824704,Cloudy,Snow,Severe
2023-12-28,07:02,Chicago,41.85092082059642,-87.70116333703601,Fog,Gravel,Severe
2023-05-24,14:16,Los Angeles,33.96683223887545,-118.31384505017324,Fog,,Fatal
2023-04-09,17:18,Los Angeles,34.1320600424629,-118.17372032067424,Clear,Gravel,Low
2023-04-08,10:32,New York,40.69060918534644,-74.01321496369236,Rain,Wet,Moderate
2023-06-02,00:43,New York,40.7298019325284,-73.93308230884416,,Dry,Low
2023-05-09,05:17,Phoenix,33.54073745237223,-112.14917164096177,Cloudy,Snow,Severe
2023-02-02,16:43,Chicago,41.87936419978017,-87.7226146103843,Clear,Ice,Low
2023-08-07,04:25,Los Angeles,34.093165590132635,-118.18711264567895,,Snow,Moderate
2023-12-05,19:56,Los Angeles,34.001632377949214,-118.32593454240819,Snow,Snow,Severe
2023-01-15,12:40,Chicago,41.930692267292905,-87.66923937883823,Snow,Snow,Fatal
2023-09-09,10:13,New York,40.807206847107636,-74.04503215553997,Clear,Gravel,Low
2023-02-03,22:04,Houston,29.809074689004294,-95.43657968500494,Cloudy,Snow,Low
2023-11-10,10:16,New York,40.724703901530894,-73.91357510106118,Rain,Wet,Low
2023-07-27,14:15,Phoenix,33.51429944535401,-112.12422898366928,Snow,Gravel,Moderate
2023-08-24,09:22,New York,40.712238893356265,-73.94038119740668,Snow,,Severe
2023-09-29,02:54,New York,40.649905093857605,-74.0773944207156,Snow,Snow,Fatal
2023-08-16,20:25,Houston,29.741998480008693,-95.33791452835324,Clear,Snow,Moderate
2023-07-30,16:59,Los Angeles,34.08185815230973,-118.27989821405077,Fog,Dry,Severe
2023-02-08,05:45,Houston,29.68426137584075,-95.43644216199631,Fog,Ice,Severe
2023-02-23,18:48,New York,40.6297425642324,-73.96649985997693,Cloudy,Snow,Low
2023-05-31,00:40,Phoenix,33.35587650241129,-112.03426642882279,Snow,Dry,Moderate
2023-03-28,05:50,Los Angeles,34.029993649625276,-118.24150547266599,Snow,Ice,Moderate
2023-01-21,20:28,Los Angeles,34.03715309974737,-118.16247318265356,Fog,Gravel,Moderate
2023-10-25,17:23,Los Angeles,34.0777255034613,-118.25837310192078,Snow,Snow,Severe
2023-03-14,20:45,Phoenix,33.537598813643065,-112.16465671018443,Fog,Snow,Severe
2023-08-06,18:59,New York,40.677727159618996,-73.9429844616142,Clear,Gravel,Low
2023-12-19,12:10,Phoenix,33.51842783295191,-112.0803306561633,Snow,Snow,Moderate
2023-03-28,19:38,New York,40.66052192209761,-74.09915605983115,Fog,Dry,Severe
2023-11-02,19:56,Los Angeles,34.0853590029604,-118.2057359696044,Fog,Ice,Fatal
2023-03-13,18:50,Phoenix,33.39917394371658,-112.158889626637,Cloudy,Wet,Low
2023-03-13,05:54,Phoenix,33.39519176001191,-112.02612960556418,Rain,Dry,Moderate
2023-04-28,09:57,Phoenix,33.51717768585412,-112.1180470886677,Rain,Snow,Fatal
2023-03-16,08:03,Houston,29.8239979074006,-95.34844075075713,Cloudy,Dry,Fatal
2023-10-01,16:05,Los Angeles,34.13963390484171,-118.29313023057365,,Ice,Severe
2023-12-19,09:40,New York,40.76631461163289,-74.07994993253875,Clear,Ice,Fatal
2023-10-07,21:14,Houston,29.794914124798858,-95.29574084718446,Rain,Gravel,Severe
2023-07-23,10:17,Phoenix,33.46487328630185,-112.05484752425609,Rain,Gravel,Fatal
2023-01-24,10:09,Chicago,41.780043831956085,-87.5508069638579,Snow,Gravel,Severe
2023-01-22,14:31,Chicago,41.83525410283099,-87.56379608859152,,Ice,Severe
2023-04-29,17:13,New York,40.66391933873512,-74.0422852746003,Snow,Snow,Low
2023-02-01,02:33,Chicago,41.82864396166477,-87.57071463857679,Fog,Gravel,Moderate
2023-01-01,07:00,New York,40.7202393328897,-73.96856603419688,Cloudy,,Severe
2023-06-12,22:49,Los Angeles,34.10938582284997,-118.29801452537167,,,Moderate
2023-01-24,15:59,Houston,29.674878817733948,-95.31284774684588,Clear,Wet,Fatal
2023-05-22,09:29,Houston,29.690455868958693,-95.31962585721439,Cloudy,Wet,Low
2023-07-01,03:16,New York,40.79041626160275,-73.9408400343942,Rain,Ice,Moderate
2023-11-19,12:55,Phoenix,33.38627661821863,-112.0480063368079,Rain,Ice,Fatal
2023-01-21,12:17,Phoenix,33.50074259369113,-112.02660079790623,,Gravel,Low
2023-08-07,14:30,Phoenix,33.49636973552458,-112.06718163934063,Snow,Ice,Severe
2023-02-06,14:19,New York,40.805014810623895,-74.10230664156063,Cloudy,Snow,Moderate
2023-01-10,10:12,Phoenix,33.47743157923709,-112.01046816025853,Fog,Gravel,Severe
2023-11-14,03:40,Houston,29.826839214422474,-95.39008752023963,Clear,Ice,Low
2023-06-11,01:08,New York,40.61709915089959,-73.93387507100053,Cloudy,Ice,Moderate
2023-08-31,20:15,Houston,29.77085714358778,-95.3002918558737,,Ice,Severe
2023-07-05,22:25,Houston,29.721195538039947,-95.37062993029649,Fog,Wet,Moderate
2023-05-07,17:05,Los Angeles,33.981369603741506,-118.22031987411304,Cloudy,Snow,Moderate
2023-12-17,04:22,Houston,29.84378978303753,-95.44714417984409,Cloudy,Gravel,Moderate
2023-07-03,19:19,Chicago,41.82098467472248,-87.67142415728281,Rain,Gravel,Low
2023-10-01,07:33,Los Angeles,33.976303425292876,-118.32778696582143,Snow,Snow,Severe
2023-11-07,14:34,Los Angeles,33.99853976784651,-118.22649326312113,Snow,Wet,Fatal
2023-03-29,07:14,Houston,29.666169588982484,-95.41039990518507,Clear,Dry,Low
2023-11-27,02:34,Houston,29.74681551037278,-95.44311493020132,Clear,Wet,Severe
2023-09-11,22:35,Houston,29.83863963789923,-95.34947305329786,Clear,Dry,Low
2023-03-10,04:25,Phoenix,33.47419082148388,-112.09065163069212,Clear,Wet,Fatal
2023-01-19,03:37,Los Angeles,34.09030905047303,-118.26449230009887,Cloudy,Ice,Severe
2023-06-21,07:52,Los Angeles,34.00307708956465,-118.32401769053777,Fog,Ice,Low
2023-05-01,09:09,Los Angeles,33.972992892401614,-118.31999464386764,Clear,Gravel,Moderate
2023-04-04,22:21,New York,40.67060221560022,-73.91306585887084,Rain,Wet,Severe
2023-07-01,07:03,Los Angeles,34.03458944622305,-118.28821863219251,Snow,Wet,Severe
2023-06-07,19:33,Chicago,41.86450174689014,-87.61154587815192,Clear,Gravel,Low
2023-04-08,09:55,Phoenix,33.38681651241032,-112.11557284183617,Snow,Gravel,Fatal
2023-05-14,23:00,Houston,29.69730670144062,-95.3980120807509,Snow,Ice,Fatal
2023-02-24,12:41,Houston,29.721489801216244,-95.27381069718038,Fog,Snow,Moderate
2023-02-25,05:35,Chicago,41.92884035378543,-87.56680091217618,Snow,Gravel,Fatal
2023-10-05,00:19,Los Angeles,33.98608306427995,-118.15924484310085,Rain,Snow,Severe
2023-07-06,05:50,Phoenix,33.54407841165064,-112.00383375751609,Rain,Dry,Moderate
2023-04-14,07:49,New York,40.79384670641851,-74.07572560973695,Cloudy,Gravel,Severe
2023-09-16,09:43,New York,40.69507138815975,-73.96834879725492,Snow,Wet,Severe
2023-05-15,05:14,New York,40.63973098204309,-73.93376297345358,Rain,Gravel,Fatal
2023-08-13,02:58,Los Angeles,34.14912355734575,-118.30367863301275,Clear,Ice,Severe
2023-04-19,02:30,New York,40.751393582081384,-73.92028424049481,Fog,Snow,Severe
2023-04-06,04:02,Houston,29.762625852511775,-95.27389936881656,,Snow,Low
2023-07-27,16:45,Phoenix,33.353532636134055,-112.01245915315069,Clear,Gravel,Low
2023-08-03,09:24,Los Angeles,34.13962704422921,-118.30897384714815,Cloudy,Wet,Severe
2023-01-06,07:26,Chicago,41.892937076172586,-87.63609614035119,Cloudy,Snow,Low
2023-02-15,16:34,Phoenix,33.416103872349794,-112.08988206956406,Rain,Dry,Severe
2023-11-01,22:31,New York,40.657261437947334,-74.04766066236918,Clear,Wet,Low
2023-09-03,21:21,Houston,29.76197799716801,-95.42422107918492,Rain,Ice,Low
2023-06-21,18:11,Chicago,41.85396520638089,-87.57106776546152,,Wet,Severe
2023-01-02,05:56,Chicago,41.83360148091222,-87.71431722634563,Snow,Wet,Fatal
2023-01-19,16:55,New York,40.80335622728295,-74.0644282318669,Fog,Ice,Moderate
2023-10-02,00:31,Los Angeles,33.99981010051607,-118.20667111689757,Rain,Wet,Severe
2023-02-16,15:59,New York,40.69245764720327,-74.00760195333066,Fog,Gravel,Severe
2023-01-25,16:19,New York,40.74214404807906,-73.97048798803921,Clear,Snow,Moderate
2023-04-23,04:27,New York,40.62098144712653,-73.92391116351821,Cloudy,Gravel,Low
2023-06-06,12:24,Chicago,41.821159834825956,-87.71906034223827,Cloudy,Ice,Severe
2023-07-25,17:18,New York,40.797638901394826,-73.96569061432591,,Snow,Fatal
2023-03-20,10:04,New York,40.63399357789832,-74.0809975941322,Clear,Wet,Moderate
2023-11-16,12:15,Los Angeles,34.053216245822476,-118.26603490023207,Rain,Ice,Fatal
2023-05-19,01:30,Phoenix,33.54834533472914,-112.06220193439887,Fog,,Moderate
2023-07-18,07:22,Houston,29.764131598469454,-95.37434435599495,Clear,Snow,Low
2023-10-21,09:47,Los Angeles,34.11048897023055,-118.1851060032952,Fog,Wet,Moderate
2023-05-28,23:15,Houston,29.849515409778938,-95.36884590390912,Fog,Dry,Moderate
2023-04-20,05:05,Houston,29.662295732984397,-95.35514276258873,Snow,Dry,Moderate
2023-10-03,13:59,Phoenix,33.44658182150485,-112.08558398329458,Fog,Snow,Severe
2023-04-15,14:59,Houston,29.695821688610277,-95.2849702452075,Fog,Gravel,Fatal
2023-02-05,21:54,New York,40.715737266637895,-74.08696793470425,Cloudy,Ice,Fatal
2023-12-30,20:58,Chicago,41.83205212268003,-87.57779286431332,Fog,Gravel,Low
2023-02-02,18:01,Phoenix,33.45359913591934,-111.97811887480191,Cloudy,Snow,Low
2023-09-19,07:40,Los Angeles,34.036986118686,-118.19202362083577,Snow,Ice,Fatal
2023-06-09,07:39,Chicago,41.90633135883896,-87.58164881960117,Fog,Dry,Low
2023-11-02,22:22,Chicago,41.872329893098005,-87.66569828809206,Clear,,Severe
2023-12-19,09:40,Chicago,41.812014122680374,-87.63715905978816,Rain,Snow,Severe
2023-12-21,10:22,Chicago,41.94909488056018,-87.65976479584256,Cloudy,Snow,Fatal
2023-08-05,05:55,Los Angeles,34.12490910142587,-118.19260629978368,Cloudy,Snow,Fatal
2023-08-04,18:02,Los Angeles,34.0910952154389,-118.33388377934803,Rain,Snow,Low
2023-08-21,21:36,Phoenix,33.3556183622303,-112.10588907550165,Rain,Snow,Severe
2023-10-17,02:56,Phoenix,33.41594728874127,-111.99311767465407,Cloudy,Dry,Low
2023-06-08,18:04,Chicago,41.818008900140946,-87.57948000825155,Rain,Gravel,Severe
2023-03-18,18:21,Chicago,41.938708028146486,-87.62895262353719,Fog,Wet,Severe
2023-12-27,09:23,Los Angeles,33.97792271126974,-118.19831724359636,Snow,Wet,Fatal
2023-11-02,13:45,Los Angeles,34.14493520249174,-118.2503930948999,Clear,Gravel,Severe
2023-08-20,23:48,New York,40.78898449126441,-74.00831279602005,Clear,Ice,Moderate
2023-09-29,13:58,Phoenix,33.53099940921536,-112.07489552274185,Rain,,Fatal
2023-03-17,21:27,Los Angeles,34.05713067034935,-118.25527794297741,Fog,Snow,Moderate
2023-08-11,12:44,Los Angeles,33.99029486079271,-118.14380198942915,,Ice,Moderate
2023-06-07,00:27,Los Angeles,34.080165818452954,-118.30879101467977,Snow,Dry,Severe
2023-11-01,06:09,Los Angeles,33.99094157074278,-118.21940022861092,Snow,Gravel,Low
2023-01-31,13:03,New York,40.657865946397116,-74.07641106930481,Clear,Gravel,Low
2023-11-11,10:54,Los Angeles,34.00907439446347,-118.16820682239705,,Ice,Fatal
2023-02-04,04:48,Houston,29.818287946706235,-95.43489468803837,Cloudy,Ice,Severe
2023-08-08,09:45,New York,40.628278790603325,-73.95376768967945,,Ice,Severe
2023-01-14,21:57,New York,40.71084452360062,-74.02350513188912,Cloudy,Ice,Moderate
2023-01-15,09:15,Phoenix,33.48279314284836,-112.03046716437557,Fog,Ice,Moderate
2023-02-23,21:46,Phoenix,33.496248124842175,-112.06481105879855,Rain,,Severe
2023-02-27,17:25,Chicago,41.88316114877809,-87.53621216305166,Rain,Snow,Severe
2023-11-04,10:37,Houston,29.824954052779137,-95.3619820465443,Fog,Gravel,Severe
2023-03-16,17:12,Houston,29.781022085879115,-95.28208338646986,Snow,Wet,Low
2023-02-15,23:51,Houston,29.66115021100434,-95.27185465675132,Clear,Ice,Fatal
2023-05-12,18:33,New York,40.613329444733196,-74.01309455082871,Clear,Ice,Severe
2023-10-22,12:41,Los Angeles,33.96705753508189,-118.15729727103883,Snow,Snow,Low
2023-09-29,11:54,Phoenix,33.42890550802632,-111.99075810510088,Clear,Snow,Low
2023-04-12,20:53,Houston,29.663893521081995,-95.42986410079007,Cloudy,Dry,Low
2023-11-17,15:39,New York,40.80837589871906,-74.09708112924854,Clear,Snow,Low
2023-07-30,16:45,Phoenix,33.50894873128987,-112.11440404054962,Snow,Wet,Moderate
2023-04-05,22:29,New York,40.623461536142585,-74.02147810290438,Clear,Gravel,Low
2023-02-05,16:19,Houston,29.804777506899338,-95.33279828565873,Clear,Dry,Low
2023-01-08,20:29,Chicago,41.90185680902311,-87.61331910777119,Clear,,Severe
2023-08-14,08:18,Houston,29.823825517813344,-95.46347402089499,Rain,Snow,Moderate
2023-02-20,15:26,Chicago,41.97317476108453,-87.57286414396,Cloudy,Dry,Moderate
2023-02-02,10:20,Phoenix,33.384833783280705,-112.08267275625212,Fog,Gravel,Severe
2023-03-01,23:38,Los Angeles,34.070080493260186,-118.15348423711409,Fog,Ice,Moderate
2023-03-06,10:36,New York,40.62920680396377,-73.97531874077218,Fog,Snow,Fatal
2023-03-28,15:40,Los Angeles,34.095907296565706,-118.21208177298747,Rain,Gravel,Moderate
2023-07-26,00:47,Chicago,41.82585947696178,-87.54249729712708,Snow,Dry,Severe
2023-08-06,05:00,Phoenix,33.437768683633124,-112.05738903311253,Rain,Dry,Fatal
2023-11-05,19:43,Houston,29.726423923901514,-95.38452215685605,Rain,Ice,Moderate
2023-11-23,15:29,Los Angeles,34.06411564128819,-118.19632241961787,Clear,Wet,Severe
2023-06-20,02:37,Phoenix,33.42552643821532,-112.05702497714569,Cloudy,Wet,Severe
2023-07-06,17:53,Los Angeles,34.03153388674708,-118.1566409687869,Rain,Dry,Severe
2023-03-14,08:02,Los Angeles,33.99336737511206,-118.3337967180759,Cloudy,Ice,Severe
2023-06-16,16:01,New York,40.71680132384693,-73.92995121529046,Cloudy,Snow,Low
2023-12-05,05:28,Phoenix,33.361437990618164,-112.08716083912384,Rain,,Severe
2023-03-30,05:26,Phoenix,33.387753144871525,-112.07278465873269,Cloudy,Ice,Fatal
2023-02-05,03:29,New York,40.722953046296816,-74.08609368223837,Snow,Gravel,Moderate
2023-02-17,19:44,Los Angeles,34.059185258740044,-118.22105550274847,Snow,Dry,Low
2023-09-15,15:51,Chicago,41.8173714159477,-87.55153017157261,Cloudy,Ice,Severe
2023-01-05,07:01,Chicago,41.925803219650724,-87.71203923568444,Clear,Wet,Severe
2023-06-08,02:48,Los Angeles,34.070277066671146,-118.2949229841402,Snow,Dry,Severe
2023-04-24,12:42,Los Angeles,34.07279963006728,-118.27158547326259,Clear,Ice,Severe
2023-12-12,00:19,Houston,29.803885936420077,-95.33912659732604,Fog,,Fatal
2023-12-02,11:35,Chicago,41.882547095656356,-87.65608864231405,Fog,Snow,Fatal
2023-09-19,13:12,Los Angeles,33.97408736667135,-118.31902956839232,Clear,Gravel,Low
2023-03-19,02:45,Houston,29.758715736151544,-95.38624072836392,Fog,Wet,Moderate
2023-10-31,15:01,Los Angeles,34.066554131936506,-118.19492629997625,Clear,Ice,Severe
2023-12-08,08:49,Phoenix,33.366386011718966,-112.09738093350005,Snow,Wet,Fatal
2023-05-15,17:04,New York,40.67918301884612,-73.91694511037764,Cloudy,Gravel,Low
2023-11-07,07:21,Los Angeles,33.952241483916815,-118.19930617967971,Snow,,Severe
2023-08-27,00:36,Houston,29.82189296868303,-95.37067424088467,Fog,,Severe
2023-10-29,07:35,Houston,29.667857884703484,-95.44716284750288,Snow,Snow,Moderate
2023-08-14,12:14,Los Angeles,34.03732688596079,-118.24962485587965,,Snow,Severe
2023-02-01,09:48,Houston,29.68145933981994,-95.28718156234362,Rain,Gravel,Severe
2023-11-16,20:10,Phoenix,33.449763149033,-112.09542055065009,Rain,Wet,Moderate
2023-05-12,03:51,Phoenix,33.41309540660129,-112.15138988349024,Snow,Ice,Fatal
2023-02-05,21:39,Phoenix,33.45286254828966,-112.02474938062095,Rain,Snow,Severe
2023-03-19,17:26,New York,40.698923749568834,-74.10223249485543,Clear,,Moderate
2023-04-25,04:50,Houston,29.731915404671177,-95.37201511491041,Clear,Wet,Fatal
2023-09-26,11:30,Los Angeles,33.97355891137374,-118.19600756982383,Clear,Snow,Low
2023-05-01,20:28,Houston,29.74656889778022,-95.43284450567644,Snow,Dry,Severe
2023-05-06,17:27,New York,40.640672769060224,-73.97978073266012,Fog,Ice,Severe
2023-01-10,07:41,Phoenix,33.542527101452855,-112.13860184933993,Snow,Wet,Low
2023-05-21,11:26,Houston,29.786295003528334,-95.30960320239717,,Ice,Severe
2023-05-24,09:10,Los Angeles,34.041861481140245,-118.33492000874018,Fog,Snow,Severe
2023-02-07,00:52,Phoenix,33.43070495540675,-112.12463315900149,Rain,Wet,Severe
2023-02-19,16:50,Phoenix,33.47683407756837,-112.12730579310487,Snow,Gravel,Moderate
2023-08-31,10:40,Chicago,41.85813847719199,-87.7107723366275,Rain,Ice,Fatal
2023-04-04,08:53,Houston,29.813010086889633,-95.27951881554549,Cloudy,Wet,Moderate
2023-07-13,04:57,Houston,29.807820615474004,-95.31376014847251,Rain,Snow,Moderate
2023-06-15,08:39,Houston,29.75614395212526,-95.43517996465017,Cloudy,Snow,Moderate
2023-01-05,13:00,New York,40.752258463760484,-73.97636487189818,Snow,Gravel,Moderate
2023-08-06,04:07,Houston,29.774963872739942,-95.40803665609417,Fog,Wet,Severe
2023-04-11,02:43,New York,40.756630356661795,-74.0265137672199,Fog,Dry,Moderate
2023-05-02,00:12,Los Angeles,34.06534377828083,-118.29506865921685,Clear,Ice,Severe
2023-12-17,22:30,Houston,29.79653064473675,-95.33465514389498,Snow,Wet,Moderate
2023-12-13,15:35,Los Angeles,34.0793884639744,-118.1783343141243,Fog,Wet,Moderate
2023-05-07,23:31,Chicago,41.84582550303026,-87.54513657491356,Clear,Ice,Fatal
2023-10-10,23:36,Los Angeles,34.14169759159872,-118.30879962070837,Fog,Wet,Severe
2023-06-09,10:35,Phoenix,33.4765548408965,-112.08075106203546,Cloudy,Wet,Moderate
2023-01-29,17:23,Los Angeles,34.03548375563402,-118.32704279364157,Cloudy,Dry,Low
2023-12-26,16:15,New York,40.62525615134238,-74.05656322361932,Clear,Gravel,Moderate
2023-09-05,23:22,Phoenix,33.51009666425746,-112.08904864913579,Clear,Wet,Severe
2023-01-22,18:09,Los Angeles,34.04518333135183,-118.30834259033524,Rain,Wet,Severe
2023-09-23,08:22,New York,40.72346012448936,-74.01516887290083,,Snow,Fatal
2023-08-31,02:07,Los Angeles,34.13214855897078,-118.26591191278733,Snow,Snow,Severe
2023-01-18,03:20,Houston,29.823724228736467,-95.27153372589505,Snow,Wet,Moderate
2023-09-10,07:10,Phoenix,33.482620087830576,-112.01078903981475,Clear,Dry,Moderate
2023-08-24,23:53,Houston,29.793389312283576,-95.46510323107073,Rain,Dry,Severe
2023-10-27,12:25,Chicago,41.84035281075366,-87.7115837127544,Rain,Snow,Severe
2023-12-08,03:23,Houston,29.683557660733886,-95.36175507875514,Clear,Ice,Low
2023-11-15,04:50,Phoenix,33.40584904757644,-112.01477333212858,Fog,Snow,Fatal
2023-11-01,20:15,Los Angeles,34.15030307712021,-118.31463760676043,Snow,Dry,Severe
2023-06-23,23:46,Los Angeles,34.12199437004566,-118.33168737226512,Cloudy,Dry,Fatal
2023-02-11,05:06,Los Angeles,34.08214043231945,-118.33275645619945,Clear,Gravel,Low
2023-08-15,09:12,New York,40.6754903812886,-73.98540361969845,Cloudy,Snow,Severe
2023-07-01,06:57,Chicago,41.9100532125378,-87.5762674750524,Clear,Snow,Low
2023-02-25,13:08,Los Angeles,34.119848277936335,-118.3136166514348,Cloudy,Dry,Moderate
2023-08-31,18:31,Chicago,41.78252434234095,-87.60093349134358,Snow,Wet,Fatal
2023-07-31,23:43,Chicago,41.936143059906186,-87.72107987262062,Fog,,Severe
2023-11-19,20:20,Los Angeles,34.113357749640734,-118.33298342142865,Clear,Snow,Fatal
2023-01-24,09:14,Houston,29.786570171439706,-95.32090382113212,Cloudy,Wet,Fatal
2023-04-19,08:13,Houston,29.83721582277472,-95.38932268326204,,Snow,Moderate
2023-04-17,17:33,Houston,29.724110556371784,-95.33596438075594,Snow,Ice,Severe
2023-07-29,12:24,Houston,29.77523809792555,-95.28605758599805,Clear,Ice,Severe
